seed,protocol,sample_size,model,value,metric
20260818,random,3,Pdiag finite,3.512978562259451,task_error_mean_mm_equiv
20260818,random,3,Full operator,10.153345081687391,task_error_mean_mm_equiv
20260818,random,3,Generic RBF,24.951642081472357,task_error_mean_mm_equiv
20260818,qualified,3,Pdiag finite,2.8264182553370594,task_error_mean_mm_equiv
20260818,qualified,3,Full operator,8.280006450743581,task_error_mean_mm_equiv
20260818,qualified,3,Generic RBF,28.4773223279538,task_error_mean_mm_equiv
20260818,random,5,Pdiag finite,2.1326658443305555,task_error_mean_mm_equiv
20260818,random,5,Full operator,3.0855342269409385,task_error_mean_mm_equiv
20260818,random,5,Generic RBF,3.825070489938233,task_error_mean_mm_equiv
20260818,qualified,5,Pdiag finite,2.9976099000075003,task_error_mean_mm_equiv
20260818,qualified,5,Full operator,9.29394513746541,task_error_mean_mm_equiv
20260818,qualified,5,Generic RBF,12.656717962350047,task_error_mean_mm_equiv
20260818,random,8,Pdiag finite,2.5254738109584727,task_error_mean_mm_equiv
20260818,random,8,Full operator,5.1167568146422635,task_error_mean_mm_equiv
20260818,random,8,Generic RBF,7.783351230139884,task_error_mean_mm_equiv
20260818,qualified,8,Pdiag finite,2.990976378638366,task_error_mean_mm_equiv
20260818,qualified,8,Full operator,7.824829672739753,task_error_mean_mm_equiv
20260818,qualified,8,Generic RBF,11.167891272771694,task_error_mean_mm_equiv
20260818,random,10,Pdiag finite,2.0517444288698696,task_error_mean_mm_equiv
20260818,random,10,Full operator,3.2420403885034133,task_error_mean_mm_equiv
20260818,random,10,Generic RBF,4.235652948184081,task_error_mean_mm_equiv
20260818,qualified,10,Pdiag finite,2.1761901486510564,task_error_mean_mm_equiv
20260818,qualified,10,Full operator,3.875760196870936,task_error_mean_mm_equiv
20260818,qualified,10,Generic RBF,5.629467941297413,task_error_mean_mm_equiv
20260818,random,15,Pdiag finite,2.2290299930661335,task_error_mean_mm_equiv
20260818,random,15,Full operator,4.768982608074973,task_error_mean_mm_equiv
20260818,random,15,Generic RBF,6.713630866370854,task_error_mean_mm_equiv
20260818,qualified,15,Pdiag finite,2.3198463449576456,task_error_mean_mm_equiv
20260818,qualified,15,Full operator,4.48725732504117,task_error_mean_mm_equiv
20260818,qualified,15,Generic RBF,6.123723875871407,task_error_mean_mm_equiv
20260818,random,20,Pdiag finite,2.096550101830307,task_error_mean_mm_equiv
20260818,random,20,Full operator,3.4848283553423096,task_error_mean_mm_equiv
20260818,random,20,Generic RBF,4.665531155666356,task_error_mean_mm_equiv
20260818,qualified,20,Pdiag finite,2.09234264542221,task_error_mean_mm_equiv
20260818,qualified,20,Full operator,3.569740144142102,task_error_mean_mm_equiv
20260818,qualified,20,Generic RBF,4.70905153607015,task_error_mean_mm_equiv
20270818,random,3,Pdiag finite,2.8837925236839625,task_error_mean_mm_equiv
20270818,random,3,Full operator,8.311932939653147,task_error_mean_mm_equiv
20270818,random,3,Generic RBF,23.125609618098057,task_error_mean_mm_equiv
20270818,qualified,3,Pdiag finite,3.0361603649501907,task_error_mean_mm_equiv
20270818,qualified,3,Full operator,8.120241427342322,task_error_mean_mm_equiv
20270818,qualified,3,Generic RBF,26.577498711670756,task_error_mean_mm_equiv
20270818,random,5,Pdiag finite,2.420613201176593,task_error_mean_mm_equiv
20270818,random,5,Full operator,2.4979744558341346,task_error_mean_mm_equiv
20270818,random,5,Generic RBF,2.623608776941291,task_error_mean_mm_equiv
20270818,qualified,5,Pdiag finite,2.6965152421876173,task_error_mean_mm_equiv
20270818,qualified,5,Full operator,4.069615715711097,task_error_mean_mm_equiv
20270818,qualified,5,Generic RBF,7.016087717125808,task_error_mean_mm_equiv
20270818,random,8,Pdiag finite,2.2711433995693335,task_error_mean_mm_equiv
20270818,random,8,Full operator,2.3193410807944947,task_error_mean_mm_equiv
20270818,random,8,Generic RBF,2.416010338098895,task_error_mean_mm_equiv
20270818,qualified,8,Pdiag finite,2.4840940268358063,task_error_mean_mm_equiv
20270818,qualified,8,Full operator,2.832080343686279,task_error_mean_mm_equiv
20270818,qualified,8,Generic RBF,2.9435226478739773,task_error_mean_mm_equiv
20270818,random,10,Pdiag finite,2.372534787165685,task_error_mean_mm_equiv
20270818,random,10,Full operator,2.4858029742938808,task_error_mean_mm_equiv
20270818,random,10,Generic RBF,2.5185000441897207,task_error_mean_mm_equiv
20270818,qualified,10,Pdiag finite,2.297789220788735,task_error_mean_mm_equiv
20270818,qualified,10,Full operator,2.1889614880185957,task_error_mean_mm_equiv
20270818,qualified,10,Generic RBF,2.3406737991023756,task_error_mean_mm_equiv
20270818,random,15,Pdiag finite,2.280684431371022,task_error_mean_mm_equiv
20270818,random,15,Full operator,2.161197226383762,task_error_mean_mm_equiv
20270818,random,15,Generic RBF,2.20324815753374,task_error_mean_mm_equiv
20270818,qualified,15,Pdiag finite,2.379077046915405,task_error_mean_mm_equiv
20270818,qualified,15,Full operator,2.1839524100978873,task_error_mean_mm_equiv
20270818,qualified,15,Generic RBF,2.2050167428267953,task_error_mean_mm_equiv
20270818,random,20,Pdiag finite,2.253303943695567,task_error_mean_mm_equiv
20270818,random,20,Full operator,2.077888151139797,task_error_mean_mm_equiv
20270818,random,20,Generic RBF,2.1107083596655833,task_error_mean_mm_equiv
20270818,qualified,20,Pdiag finite,2.262050181567851,task_error_mean_mm_equiv
20270818,qualified,20,Full operator,2.0313820241072413,task_error_mean_mm_equiv
20270818,qualified,20,Generic RBF,2.066288801745966,task_error_mean_mm_equiv
20280818,random,3,Pdiag finite,4.582825851887025,task_error_mean_mm_equiv
20280818,random,3,Full operator,10.629261372060302,task_error_mean_mm_equiv
20280818,random,3,Generic RBF,25.23953151979766,task_error_mean_mm_equiv
20280818,qualified,3,Pdiag finite,4.51199868166423,task_error_mean_mm_equiv
20280818,qualified,3,Full operator,10.440589258303495,task_error_mean_mm_equiv
20280818,qualified,3,Generic RBF,29.993813163384647,task_error_mean_mm_equiv
20280818,random,5,Pdiag finite,3.6851869562039576,task_error_mean_mm_equiv
20280818,random,5,Full operator,4.5564965015185575,task_error_mean_mm_equiv
20280818,random,5,Generic RBF,8.390502913313242,task_error_mean_mm_equiv
20280818,qualified,5,Pdiag finite,3.9407937102516177,task_error_mean_mm_equiv
20280818,qualified,5,Full operator,5.5295514198803115,task_error_mean_mm_equiv
20280818,qualified,5,Generic RBF,8.626747316915049,task_error_mean_mm_equiv
20280818,random,8,Pdiag finite,3.6069156509175997,task_error_mean_mm_equiv
20280818,random,8,Full operator,4.637418183381468,task_error_mean_mm_equiv
20280818,random,8,Generic RBF,5.701201848725822,task_error_mean_mm_equiv
20280818,qualified,8,Pdiag finite,3.9945860447161605,task_error_mean_mm_equiv
20280818,qualified,8,Full operator,5.979983164448126,task_error_mean_mm_equiv
20280818,qualified,8,Generic RBF,8.119287870188709,task_error_mean_mm_equiv
20280818,random,10,Pdiag finite,3.817606572147009,task_error_mean_mm_equiv
20280818,random,10,Full operator,5.568452522235325,task_error_mean_mm_equiv
20280818,random,10,Generic RBF,7.839293206570689,task_error_mean_mm_equiv
20280818,qualified,10,Pdiag finite,3.6773958098536164,task_error_mean_mm_equiv
20280818,qualified,10,Full operator,4.338653382082855,task_error_mean_mm_equiv
20280818,qualified,10,Generic RBF,5.129388549199318,task_error_mean_mm_equiv
20280818,random,15,Pdiag finite,3.641392967023166,task_error_mean_mm_equiv
20280818,random,15,Full operator,4.750794986913762,task_error_mean_mm_equiv
20280818,random,15,Generic RBF,6.1843367776364975,task_error_mean_mm_equiv
20280818,qualified,15,Pdiag finite,3.602587718069895,task_error_mean_mm_equiv
20280818,qualified,15,Full operator,4.05814205690165,task_error_mean_mm_equiv
20280818,qualified,15,Generic RBF,4.748643643371872,task_error_mean_mm_equiv
20280818,random,20,Pdiag finite,3.466184772786005,task_error_mean_mm_equiv
20280818,random,20,Full operator,4.052681784557176,task_error_mean_mm_equiv
20280818,random,20,Generic RBF,4.843934368274027,task_error_mean_mm_equiv
20280818,qualified,20,Pdiag finite,3.584057191539017,task_error_mean_mm_equiv
20280818,qualified,20,Full operator,4.6939214832337,task_error_mean_mm_equiv
20280818,qualified,20,Generic RBF,5.949372781606677,task_error_mean_mm_equiv
20290818,random,3,Pdiag finite,2.840465091435673,task_error_mean_mm_equiv
20290818,random,3,Full operator,10.232005585857788,task_error_mean_mm_equiv
20290818,random,3,Generic RBF,24.04196307263963,task_error_mean_mm_equiv
20290818,qualified,3,Pdiag finite,3.520840794331022,task_error_mean_mm_equiv
20290818,qualified,3,Full operator,10.467058308171179,task_error_mean_mm_equiv
20290818,qualified,3,Generic RBF,29.825763987171893,task_error_mean_mm_equiv
20290818,random,5,Pdiag finite,3.071859117920988,task_error_mean_mm_equiv
20290818,random,5,Full operator,6.933207929876818,task_error_mean_mm_equiv
20290818,random,5,Generic RBF,8.730275893654866,task_error_mean_mm_equiv
20290818,qualified,5,Pdiag finite,3.085216063138438,task_error_mean_mm_equiv
20290818,qualified,5,Full operator,6.932559971801386,task_error_mean_mm_equiv
20290818,qualified,5,Generic RBF,7.436709828588228,task_error_mean_mm_equiv
20290818,random,8,Pdiag finite,3.2767172656377648,task_error_mean_mm_equiv
20290818,random,8,Full operator,8.016731221791746,task_error_mean_mm_equiv
20290818,random,8,Generic RBF,11.63426128746081,task_error_mean_mm_equiv
20290818,qualified,8,Pdiag finite,2.737262746724916,task_error_mean_mm_equiv
20290818,qualified,8,Full operator,4.451346674131957,task_error_mean_mm_equiv
20290818,qualified,8,Generic RBF,5.925793909953982,task_error_mean_mm_equiv
20290818,random,10,Pdiag finite,2.8792214961697606,task_error_mean_mm_equiv
20290818,random,10,Full operator,5.326591683164311,task_error_mean_mm_equiv
20290818,random,10,Generic RBF,8.529334007638166,task_error_mean_mm_equiv
20290818,qualified,10,Pdiag finite,2.8313053724268884,task_error_mean_mm_equiv
20290818,qualified,10,Full operator,5.453391408672791,task_error_mean_mm_equiv
20290818,qualified,10,Generic RBF,6.959209572923934,task_error_mean_mm_equiv
20290818,random,15,Pdiag finite,2.794942882808791,task_error_mean_mm_equiv
20290818,random,15,Full operator,4.705450174463373,task_error_mean_mm_equiv
20290818,random,15,Generic RBF,6.511844882322052,task_error_mean_mm_equiv
20290818,qualified,15,Pdiag finite,2.881970489310092,task_error_mean_mm_equiv
20290818,qualified,15,Full operator,5.668074947324009,task_error_mean_mm_equiv
20290818,qualified,15,Generic RBF,7.311397167032359,task_error_mean_mm_equiv
20290818,random,20,Pdiag finite,2.797059154043953,task_error_mean_mm_equiv
20290818,random,20,Full operator,5.22290057089499,task_error_mean_mm_equiv
20290818,random,20,Generic RBF,6.643687040006495,task_error_mean_mm_equiv
20290818,qualified,20,Pdiag finite,2.8042943708171615,task_error_mean_mm_equiv
20290818,qualified,20,Full operator,4.9776432622439,task_error_mean_mm_equiv
20290818,qualified,20,Generic RBF,6.263853702229307,task_error_mean_mm_equiv
20300818,random,3,Pdiag finite,2.5062083231488077,task_error_mean_mm_equiv
20300818,random,3,Full operator,8.164704698379426,task_error_mean_mm_equiv
20300818,random,3,Generic RBF,23.24856736663035,task_error_mean_mm_equiv
20300818,qualified,3,Pdiag finite,2.7791734015415352,task_error_mean_mm_equiv
20300818,qualified,3,Full operator,8.414327651238724,task_error_mean_mm_equiv
20300818,qualified,3,Generic RBF,27.48510256467905,task_error_mean_mm_equiv
20300818,random,5,Pdiag finite,2.052414319521879,task_error_mean_mm_equiv
20300818,random,5,Full operator,2.3821409442921953,task_error_mean_mm_equiv
20300818,random,5,Generic RBF,2.913262549315212,task_error_mean_mm_equiv
20300818,qualified,5,Pdiag finite,2.2062678025508147,task_error_mean_mm_equiv
20300818,qualified,5,Full operator,3.034874951273528,task_error_mean_mm_equiv
20300818,qualified,5,Generic RBF,3.1140486319241787,task_error_mean_mm_equiv
20300818,random,8,Pdiag finite,2.0704508052506116,task_error_mean_mm_equiv
20300818,random,8,Full operator,2.572026789447949,task_error_mean_mm_equiv
20300818,random,8,Generic RBF,2.7974107811059272,task_error_mean_mm_equiv
20300818,qualified,8,Pdiag finite,2.0933559379219298,task_error_mean_mm_equiv
20300818,qualified,8,Full operator,2.395983561190902,task_error_mean_mm_equiv
20300818,qualified,8,Generic RBF,2.4713670611839693,task_error_mean_mm_equiv
20300818,random,10,Pdiag finite,1.9281022410108881,task_error_mean_mm_equiv
20300818,random,10,Full operator,1.993718819647171,task_error_mean_mm_equiv
20300818,random,10,Generic RBF,2.0720899212254174,task_error_mean_mm_equiv
20300818,qualified,10,Pdiag finite,1.876368763663897,task_error_mean_mm_equiv
20300818,qualified,10,Full operator,1.9714824042837118,task_error_mean_mm_equiv
20300818,qualified,10,Generic RBF,2.041407670972668,task_error_mean_mm_equiv
20300818,random,15,Pdiag finite,1.735175658400868,task_error_mean_mm_equiv
20300818,random,15,Full operator,1.7209790748920466,task_error_mean_mm_equiv
20300818,random,15,Generic RBF,1.7807832505117065,task_error_mean_mm_equiv
20300818,qualified,15,Pdiag finite,1.8308771008302465,task_error_mean_mm_equiv
20300818,qualified,15,Full operator,1.7482635806464277,task_error_mean_mm_equiv
20300818,qualified,15,Generic RBF,1.8424415744148355,task_error_mean_mm_equiv
20300818,random,20,Pdiag finite,1.7570187335412175,task_error_mean_mm_equiv
20300818,random,20,Full operator,1.7491465047922319,task_error_mean_mm_equiv
20300818,random,20,Generic RBF,1.8099548895522115,task_error_mean_mm_equiv
20300818,qualified,20,Pdiag finite,1.7087681549673188,task_error_mean_mm_equiv
20300818,qualified,20,Full operator,1.674444334087952,task_error_mean_mm_equiv
20300818,qualified,20,Generic RBF,1.781285846431809,task_error_mean_mm_equiv
20260818,random,30,Pdiag finite,2.136021200548082,task_error_mean_mm_equiv
20260818,random,30,Full operator,3.6474856791562535,task_error_mean_mm_equiv
20260818,random,30,Generic RBF,4.509290194112303,task_error_mean_mm_equiv
20270818,random,30,Pdiag finite,2.1908100888680675,task_error_mean_mm_equiv
20270818,random,30,Full operator,1.932271415186744,task_error_mean_mm_equiv
20270818,random,30,Generic RBF,1.9425125136855763,task_error_mean_mm_equiv
20280818,random,30,Pdiag finite,3.459360368767645,task_error_mean_mm_equiv
20280818,random,30,Full operator,4.22882888104254,task_error_mean_mm_equiv
20280818,random,30,Generic RBF,5.169054021611833,task_error_mean_mm_equiv
20290818,random,30,Pdiag finite,2.522153221326757,task_error_mean_mm_equiv
20290818,random,30,Full operator,4.0496005202983,task_error_mean_mm_equiv
20290818,random,30,Generic RBF,4.957310894255912,task_error_mean_mm_equiv
20300818,random,30,Pdiag finite,1.6195459323311143,task_error_mean_mm_equiv
20300818,random,30,Full operator,1.5167867385302718,task_error_mean_mm_equiv
20300818,random,30,Generic RBF,1.570075309612868,task_error_mean_mm_equiv
20260818,qualified,30,Pdiag finite,2.136021200548082,task_error_mean_mm_equiv
20260818,qualified,30,Full operator,3.6474856791562535,task_error_mean_mm_equiv
20260818,qualified,30,Generic RBF,4.509290194112303,task_error_mean_mm_equiv
20270818,qualified,30,Pdiag finite,2.1908100888680675,task_error_mean_mm_equiv
20270818,qualified,30,Full operator,1.932271415186744,task_error_mean_mm_equiv
20270818,qualified,30,Generic RBF,1.9425125136855763,task_error_mean_mm_equiv
20280818,qualified,30,Pdiag finite,3.459360368767645,task_error_mean_mm_equiv
20280818,qualified,30,Full operator,4.22882888104254,task_error_mean_mm_equiv
20280818,qualified,30,Generic RBF,5.169054021611833,task_error_mean_mm_equiv
20290818,qualified,30,Pdiag finite,2.522153221326757,task_error_mean_mm_equiv
20290818,qualified,30,Full operator,4.0496005202983,task_error_mean_mm_equiv
20290818,qualified,30,Generic RBF,4.957310894255912,task_error_mean_mm_equiv
20300818,qualified,30,Pdiag finite,1.6195459323311143,task_error_mean_mm_equiv
20300818,qualified,30,Full operator,1.5167867385302718,task_error_mean_mm_equiv
20300818,qualified,30,Generic RBF,1.570075309612868,task_error_mean_mm_equiv
20260818,random,3,Pdiag finite,1.0231560563707023,task_endpoint_error_mean_mm_equiv
20260818,random,3,Full operator,6.174068985202297,task_endpoint_error_mean_mm_equiv
20260818,random,3,Generic RBF,23.238748005541936,task_endpoint_error_mean_mm_equiv
20260818,qualified,3,Pdiag finite,1.2278209563135256,task_endpoint_error_mean_mm_equiv
20260818,qualified,3,Full operator,6.338522302304663,task_endpoint_error_mean_mm_equiv
20260818,qualified,3,Generic RBF,28.59856882136605,task_endpoint_error_mean_mm_equiv
20260818,random,5,Pdiag finite,0.6717836004659758,task_endpoint_error_mean_mm_equiv
20260818,random,5,Full operator,0.3874348041963228,task_endpoint_error_mean_mm_equiv
20260818,random,5,Generic RBF,1.9058419982791737,task_endpoint_error_mean_mm_equiv
20260818,qualified,5,Pdiag finite,0.891575307101759,task_endpoint_error_mean_mm_equiv
20260818,qualified,5,Full operator,0.475502104644672,task_endpoint_error_mean_mm_equiv
20260818,qualified,5,Generic RBF,7.831428444041476,task_endpoint_error_mean_mm_equiv
20260818,random,8,Pdiag finite,0.740681451518437,task_endpoint_error_mean_mm_equiv
20260818,random,8,Full operator,0.3503243101486844,task_endpoint_error_mean_mm_equiv
20260818,random,8,Generic RBF,5.6843923763487725,task_endpoint_error_mean_mm_equiv
20260818,qualified,8,Pdiag finite,0.7741644827744205,task_endpoint_error_mean_mm_equiv
20260818,qualified,8,Full operator,0.39367748130888486,task_endpoint_error_mean_mm_equiv
20260818,qualified,8,Generic RBF,6.899499401260431,task_endpoint_error_mean_mm_equiv
20260818,random,10,Pdiag finite,0.6703203973006056,task_endpoint_error_mean_mm_equiv
20260818,random,10,Full operator,0.34016193965182145,task_endpoint_error_mean_mm_equiv
20260818,random,10,Generic RBF,2.5466826032391197,task_endpoint_error_mean_mm_equiv
20260818,qualified,10,Pdiag finite,0.695133073104005,task_endpoint_error_mean_mm_equiv
20260818,qualified,10,Full operator,0.29530020883507857,task_endpoint_error_mean_mm_equiv
20260818,qualified,10,Generic RBF,4.062838502527837,task_endpoint_error_mean_mm_equiv
20260818,random,15,Pdiag finite,0.5460617065406501,task_endpoint_error_mean_mm_equiv
20260818,random,15,Full operator,0.2854553207471072,task_endpoint_error_mean_mm_equiv
20260818,random,15,Generic RBF,4.696548581563175,task_endpoint_error_mean_mm_equiv
20260818,qualified,15,Pdiag finite,0.6190826581984188,task_endpoint_error_mean_mm_equiv
20260818,qualified,15,Full operator,0.2608106015090771,task_endpoint_error_mean_mm_equiv
20260818,qualified,15,Generic RBF,3.8355934049319202,task_endpoint_error_mean_mm_equiv
20260818,random,20,Pdiag finite,0.4696904846577413,task_endpoint_error_mean_mm_equiv
20260818,random,20,Full operator,0.23224657149461025,task_endpoint_error_mean_mm_equiv
20260818,random,20,Generic RBF,3.1800145705974314,task_endpoint_error_mean_mm_equiv
20260818,qualified,20,Pdiag finite,0.5367151866357125,task_endpoint_error_mean_mm_equiv
20260818,qualified,20,Full operator,0.24448450646730024,task_endpoint_error_mean_mm_equiv
20260818,qualified,20,Generic RBF,3.169495188444541,task_endpoint_error_mean_mm_equiv
20270818,random,3,Pdiag finite,1.1885988469791102,task_endpoint_error_mean_mm_equiv
20270818,random,3,Full operator,6.5510351072664905,task_endpoint_error_mean_mm_equiv
20270818,random,3,Generic RBF,23.23987754248797,task_endpoint_error_mean_mm_equiv
20270818,qualified,3,Pdiag finite,1.4088301348740235,task_endpoint_error_mean_mm_equiv
20270818,qualified,3,Full operator,6.446939167984391,task_endpoint_error_mean_mm_equiv
20270818,qualified,3,Generic RBF,26.410347794199197,task_endpoint_error_mean_mm_equiv
20270818,random,5,Pdiag finite,0.7035337862623414,task_endpoint_error_mean_mm_equiv
20270818,random,5,Full operator,0.3949581753986898,task_endpoint_error_mean_mm_equiv
20270818,random,5,Generic RBF,0.9970316879896162,task_endpoint_error_mean_mm_equiv
20270818,qualified,5,Pdiag finite,0.9655491931273573,task_endpoint_error_mean_mm_equiv
20270818,qualified,5,Full operator,0.5522664388811648,task_endpoint_error_mean_mm_equiv
20270818,qualified,5,Generic RBF,5.7353385543651205,task_endpoint_error_mean_mm_equiv
20270818,random,8,Pdiag finite,0.7244858336587419,task_endpoint_error_mean_mm_equiv
20270818,random,8,Full operator,0.48641655368577696,task_endpoint_error_mean_mm_equiv
20270818,random,8,Generic RBF,0.7935242201264838,task_endpoint_error_mean_mm_equiv
20270818,qualified,8,Pdiag finite,0.7126070286310229,task_endpoint_error_mean_mm_equiv
20270818,qualified,8,Full operator,0.5360357047910664,task_endpoint_error_mean_mm_equiv
20270818,qualified,8,Generic RBF,1.173613418663713,task_endpoint_error_mean_mm_equiv
20270818,random,10,Pdiag finite,0.6325014047790875,task_endpoint_error_mean_mm_equiv
20270818,random,10,Full operator,0.35905453590341796,task_endpoint_error_mean_mm_equiv
20270818,random,10,Generic RBF,0.6870045317351695,task_endpoint_error_mean_mm_equiv
20270818,qualified,10,Pdiag finite,0.6589013705297688,task_endpoint_error_mean_mm_equiv
20270818,qualified,10,Full operator,0.26102613747803244,task_endpoint_error_mean_mm_equiv
20270818,qualified,10,Generic RBF,0.681444895192154,task_endpoint_error_mean_mm_equiv
20270818,random,15,Pdiag finite,0.4585267332274972,task_endpoint_error_mean_mm_equiv
20270818,random,15,Full operator,0.22781323731135877,task_endpoint_error_mean_mm_equiv
20270818,random,15,Generic RBF,0.4519083939994027,task_endpoint_error_mean_mm_equiv
20270818,qualified,15,Pdiag finite,0.6607932526862214,task_endpoint_error_mean_mm_equiv
20270818,qualified,15,Full operator,0.2728635080447843,task_endpoint_error_mean_mm_equiv
20270818,qualified,15,Generic RBF,0.49705046115105855,task_endpoint_error_mean_mm_equiv
20270818,random,20,Pdiag finite,0.48602901007819754,task_endpoint_error_mean_mm_equiv
20270818,random,20,Full operator,0.2738546428402895,task_endpoint_error_mean_mm_equiv
20270818,random,20,Generic RBF,0.4485612135180187,task_endpoint_error_mean_mm_equiv
20270818,qualified,20,Pdiag finite,0.5231576770586757,task_endpoint_error_mean_mm_equiv
20270818,qualified,20,Full operator,0.24972919234508306,task_endpoint_error_mean_mm_equiv
20270818,qualified,20,Generic RBF,0.43873609838959304,task_endpoint_error_mean_mm_equiv
20280818,random,3,Pdiag finite,1.0347850016556426,task_endpoint_error_mean_mm_equiv
20280818,random,3,Full operator,6.2027698577823696,task_endpoint_error_mean_mm_equiv
20280818,random,3,Generic RBF,23.27359414040047,task_endpoint_error_mean_mm_equiv
20280818,qualified,3,Pdiag finite,1.2570572589419182,task_endpoint_error_mean_mm_equiv
20280818,qualified,3,Full operator,6.332904866195397,task_endpoint_error_mean_mm_equiv
20280818,qualified,3,Generic RBF,28.62156238523977,task_endpoint_error_mean_mm_equiv
20280818,random,5,Pdiag finite,0.6277084708906909,task_endpoint_error_mean_mm_equiv
20280818,random,5,Full operator,0.2075312241858927,task_endpoint_error_mean_mm_equiv
20280818,random,5,Generic RBF,5.877189862508254,task_endpoint_error_mean_mm_equiv
20280818,qualified,5,Pdiag finite,0.8259526104252769,task_endpoint_error_mean_mm_equiv
20280818,qualified,5,Full operator,0.20711642325824725,task_endpoint_error_mean_mm_equiv
20280818,qualified,5,Generic RBF,4.7727533619210805,task_endpoint_error_mean_mm_equiv
20280818,random,8,Pdiag finite,0.6448992382601475,task_endpoint_error_mean_mm_equiv
20280818,random,8,Full operator,0.23500416759103238,task_endpoint_error_mean_mm_equiv
20280818,random,8,Generic RBF,2.522750282585586,task_endpoint_error_mean_mm_equiv
20280818,qualified,8,Pdiag finite,0.6671826687483395,task_endpoint_error_mean_mm_equiv
20280818,qualified,8,Full operator,0.21949790335148683,task_endpoint_error_mean_mm_equiv
20280818,qualified,8,Generic RBF,4.062166226742853,task_endpoint_error_mean_mm_equiv
20280818,random,10,Pdiag finite,0.5774121978336151,task_endpoint_error_mean_mm_equiv
20280818,random,10,Full operator,0.18275270145752837,task_endpoint_error_mean_mm_equiv
20280818,random,10,Generic RBF,4.492403670319886,task_endpoint_error_mean_mm_equiv
20280818,qualified,10,Pdiag finite,0.578198472339483,task_endpoint_error_mean_mm_equiv
20280818,qualified,10,Full operator,0.18561862529129156,task_endpoint_error_mean_mm_equiv
20280818,qualified,10,Generic RBF,2.016752207298974,task_endpoint_error_mean_mm_equiv
20280818,random,15,Pdiag finite,0.4051516346698099,task_endpoint_error_mean_mm_equiv
20280818,random,15,Full operator,0.1852248931862314,task_endpoint_error_mean_mm_equiv
20280818,random,15,Generic RBF,3.319066501443191,task_endpoint_error_mean_mm_equiv
20280818,qualified,15,Pdiag finite,0.5522995305720934,task_endpoint_error_mean_mm_equiv
20280818,qualified,15,Full operator,0.19567255546959506,task_endpoint_error_mean_mm_equiv
20280818,qualified,15,Generic RBF,1.7825241341222626,task_endpoint_error_mean_mm_equiv
20280818,random,20,Pdiag finite,0.36625994955201796,task_endpoint_error_mean_mm_equiv
20280818,random,20,Full operator,0.1795678409029294,task_endpoint_error_mean_mm_equiv
20280818,random,20,Generic RBF,2.08058153762328,task_endpoint_error_mean_mm_equiv
20280818,qualified,20,Pdiag finite,0.4012811866328124,task_endpoint_error_mean_mm_equiv
20280818,qualified,20,Full operator,0.18119617676272187,task_endpoint_error_mean_mm_equiv
20280818,qualified,20,Generic RBF,3.208087670282487,task_endpoint_error_mean_mm_equiv
20290818,random,3,Pdiag finite,1.0708645172997653,task_endpoint_error_mean_mm_equiv
20290818,random,3,Full operator,6.211403380499783,task_endpoint_error_mean_mm_equiv
20290818,random,3,Generic RBF,23.30396150281524,task_endpoint_error_mean_mm_equiv
20290818,qualified,3,Pdiag finite,1.4397789234383769,task_endpoint_error_mean_mm_equiv
20290818,qualified,3,Full operator,6.326243588859376,task_endpoint_error_mean_mm_equiv
20290818,qualified,3,Generic RBF,28.849896146704925,task_endpoint_error_mean_mm_equiv
20290818,random,5,Pdiag finite,0.6327351071394485,task_endpoint_error_mean_mm_equiv
20290818,random,5,Full operator,0.40596647057705243,task_endpoint_error_mean_mm_equiv
20290818,random,5,Generic RBF,4.923698219489167,task_endpoint_error_mean_mm_equiv
20290818,qualified,5,Pdiag finite,0.8883359364475633,task_endpoint_error_mean_mm_equiv
20290818,qualified,5,Full operator,0.4772098063692457,task_endpoint_error_mean_mm_equiv
20290818,qualified,5,Generic RBF,1.727526058239843,task_endpoint_error_mean_mm_equiv
20290818,random,8,Pdiag finite,0.6443275756140829,task_endpoint_error_mean_mm_equiv
20290818,random,8,Full operator,0.42144673541289485,task_endpoint_error_mean_mm_equiv
20290818,random,8,Generic RBF,7.637544284586724,task_endpoint_error_mean_mm_equiv
20290818,qualified,8,Pdiag finite,0.6940164171423246,task_endpoint_error_mean_mm_equiv
20290818,qualified,8,Full operator,0.21626437057492084,task_endpoint_error_mean_mm_equiv
20290818,qualified,8,Generic RBF,3.223349700061907,task_endpoint_error_mean_mm_equiv
20290818,random,10,Pdiag finite,0.6358534280739734,task_endpoint_error_mean_mm_equiv
20290818,random,10,Full operator,0.22692911275018696,task_endpoint_error_mean_mm_equiv
20290818,random,10,Generic RBF,6.432003534422951,task_endpoint_error_mean_mm_equiv
20290818,qualified,10,Pdiag finite,0.6097837927686709,task_endpoint_error_mean_mm_equiv
20290818,qualified,10,Full operator,0.2613553767917392,task_endpoint_error_mean_mm_equiv
20290818,qualified,10,Generic RBF,4.138994773501176,task_endpoint_error_mean_mm_equiv
20290818,random,15,Pdiag finite,0.4659696144752331,task_endpoint_error_mean_mm_equiv
20290818,random,15,Full operator,0.26524420378459873,task_endpoint_error_mean_mm_equiv
20290818,random,15,Generic RBF,4.2988899058683065,task_endpoint_error_mean_mm_equiv
20290818,qualified,15,Pdiag finite,0.5639934244948518,task_endpoint_error_mean_mm_equiv
20290818,qualified,15,Full operator,0.26282757772410464,task_endpoint_error_mean_mm_equiv
20290818,qualified,15,Generic RBF,4.243289334758484,task_endpoint_error_mean_mm_equiv
20290818,random,20,Pdiag finite,0.38400933015707006,task_endpoint_error_mean_mm_equiv
20290818,random,20,Full operator,0.22423049488672317,task_endpoint_error_mean_mm_equiv
20290818,random,20,Generic RBF,3.949605370301016,task_endpoint_error_mean_mm_equiv
20290818,qualified,20,Pdiag finite,0.44717270196573794,task_endpoint_error_mean_mm_equiv
20290818,qualified,20,Full operator,0.2289911780299577,task_endpoint_error_mean_mm_equiv
20290818,qualified,20,Generic RBF,3.5370163282149334,task_endpoint_error_mean_mm_equiv
20300818,random,3,Pdiag finite,1.1113229629126269,task_endpoint_error_mean_mm_equiv
20300818,random,3,Full operator,6.210679422760123,task_endpoint_error_mean_mm_equiv
20300818,random,3,Generic RBF,23.332703106554312,task_endpoint_error_mean_mm_equiv
20300818,qualified,3,Pdiag finite,1.316875930013206,task_endpoint_error_mean_mm_equiv
20300818,qualified,3,Full operator,6.388222887412065,task_endpoint_error_mean_mm_equiv
20300818,qualified,3,Generic RBF,27.74179144350262,task_endpoint_error_mean_mm_equiv
20300818,random,5,Pdiag finite,0.680602752246919,task_endpoint_error_mean_mm_equiv
20300818,random,5,Full operator,0.3437922547909431,task_endpoint_error_mean_mm_equiv
20300818,random,5,Generic RBF,1.3689889769961057,task_endpoint_error_mean_mm_equiv
20300818,qualified,5,Pdiag finite,0.810150290501505,task_endpoint_error_mean_mm_equiv
20300818,qualified,5,Full operator,0.3992835444191928,task_endpoint_error_mean_mm_equiv
20300818,qualified,5,Generic RBF,0.6974685230902815,task_endpoint_error_mean_mm_equiv
20300818,random,8,Pdiag finite,0.6622647186744113,task_endpoint_error_mean_mm_equiv
20300818,random,8,Full operator,0.3734338917993355,task_endpoint_error_mean_mm_equiv
20300818,random,8,Generic RBF,1.0635411209905983,task_endpoint_error_mean_mm_equiv
20300818,qualified,8,Pdiag finite,0.7207688196147434,task_endpoint_error_mean_mm_equiv
20300818,qualified,8,Full operator,0.3944028177527363,task_endpoint_error_mean_mm_equiv
20300818,qualified,8,Generic RBF,0.6652633416203412,task_endpoint_error_mean_mm_equiv
20300818,random,10,Pdiag finite,0.5930504922742916,task_endpoint_error_mean_mm_equiv
20300818,random,10,Full operator,0.30814550536322916,task_endpoint_error_mean_mm_equiv
20300818,random,10,Generic RBF,0.527994365695547,task_endpoint_error_mean_mm_equiv
20300818,qualified,10,Pdiag finite,0.6218062659685326,task_endpoint_error_mean_mm_equiv
20300818,qualified,10,Full operator,0.3066512593385196,task_endpoint_error_mean_mm_equiv
20300818,qualified,10,Generic RBF,0.47825603035308184,task_endpoint_error_mean_mm_equiv
20300818,random,15,Pdiag finite,0.4727128262699125,task_endpoint_error_mean_mm_equiv
20300818,random,15,Full operator,0.2963503359143705,task_endpoint_error_mean_mm_equiv
20300818,random,15,Generic RBF,0.4831503903417982,task_endpoint_error_mean_mm_equiv
20300818,qualified,15,Pdiag finite,0.5673538615227505,task_endpoint_error_mean_mm_equiv
20300818,qualified,15,Full operator,0.2909478652519381,task_endpoint_error_mean_mm_equiv
20300818,qualified,15,Generic RBF,0.5664207743753605,task_endpoint_error_mean_mm_equiv
20300818,random,20,Pdiag finite,0.42235577675638725,task_endpoint_error_mean_mm_equiv
20300818,random,20,Full operator,0.3011032336399132,task_endpoint_error_mean_mm_equiv
20300818,random,20,Generic RBF,0.5071570282535427,task_endpoint_error_mean_mm_equiv
20300818,qualified,20,Pdiag finite,0.44956662528671465,task_endpoint_error_mean_mm_equiv
20300818,qualified,20,Full operator,0.29783919423071764,task_endpoint_error_mean_mm_equiv
20300818,qualified,20,Generic RBF,0.6092937181311883,task_endpoint_error_mean_mm_equiv
20260818,random,30,Pdiag finite,0.4430692333847136,task_endpoint_error_mean_mm_equiv
20260818,random,30,Full operator,0.2161236893287247,task_endpoint_error_mean_mm_equiv
20260818,random,30,Generic RBF,2.6700053990054045,task_endpoint_error_mean_mm_equiv
20270818,random,30,Pdiag finite,0.4076221446250714,task_endpoint_error_mean_mm_equiv
20270818,random,30,Full operator,0.2348151456618086,task_endpoint_error_mean_mm_equiv
20270818,random,30,Generic RBF,0.2348107863967039,task_endpoint_error_mean_mm_equiv
20280818,random,30,Pdiag finite,0.3256971877703201,task_endpoint_error_mean_mm_equiv
20280818,random,30,Full operator,0.1798266866362223,task_endpoint_error_mean_mm_equiv
20280818,random,30,Generic RBF,2.714714722713432,task_endpoint_error_mean_mm_equiv
20290818,random,30,Pdiag finite,0.3643935834827008,task_endpoint_error_mean_mm_equiv
20290818,random,30,Full operator,0.2172080502866277,task_endpoint_error_mean_mm_equiv
20290818,random,30,Generic RBF,2.756020188565625,task_endpoint_error_mean_mm_equiv
20300818,random,30,Pdiag finite,0.386886928015795,task_endpoint_error_mean_mm_equiv
20300818,random,30,Full operator,0.2912191592418113,task_endpoint_error_mean_mm_equiv
20300818,random,30,Generic RBF,0.4355615209704857,task_endpoint_error_mean_mm_equiv
20260818,qualified,30,Pdiag finite,0.4430692333847136,task_endpoint_error_mean_mm_equiv
20260818,qualified,30,Full operator,0.2161236893287247,task_endpoint_error_mean_mm_equiv
20260818,qualified,30,Generic RBF,2.6700053990054045,task_endpoint_error_mean_mm_equiv
20270818,qualified,30,Pdiag finite,0.4076221446250714,task_endpoint_error_mean_mm_equiv
20270818,qualified,30,Full operator,0.2348151456618086,task_endpoint_error_mean_mm_equiv
20270818,qualified,30,Generic RBF,0.2348107863967039,task_endpoint_error_mean_mm_equiv
20280818,qualified,30,Pdiag finite,0.3256971877703201,task_endpoint_error_mean_mm_equiv
20280818,qualified,30,Full operator,0.1798266866362223,task_endpoint_error_mean_mm_equiv
20280818,qualified,30,Generic RBF,2.714714722713432,task_endpoint_error_mean_mm_equiv
20290818,qualified,30,Pdiag finite,0.3643935834827008,task_endpoint_error_mean_mm_equiv
20290818,qualified,30,Full operator,0.2172080502866277,task_endpoint_error_mean_mm_equiv
20290818,qualified,30,Generic RBF,2.756020188565625,task_endpoint_error_mean_mm_equiv
20300818,qualified,30,Pdiag finite,0.386886928015795,task_endpoint_error_mean_mm_equiv
20300818,qualified,30,Full operator,0.2912191592418113,task_endpoint_error_mean_mm_equiv
20300818,qualified,30,Generic RBF,0.4355615209704857,task_endpoint_error_mean_mm_equiv
20260818,random,3,Pdiag finite,0.23027297662813218,generator_rmse
20260818,random,3,Full operator,0.7231483759302263,generator_rmse
20260818,random,3,Generic RBF,0.9853386232399393,generator_rmse
20260818,qualified,3,Pdiag finite,0.17803279572256353,generator_rmse
20260818,qualified,3,Full operator,0.5050420960204487,generator_rmse
20260818,qualified,3,Generic RBF,0.936324402730342,generator_rmse
20260818,random,5,Pdiag finite,0.13295613662719846,generator_rmse
20260818,random,5,Full operator,0.28838220658829467,generator_rmse
20260818,random,5,Generic RBF,0.2288810836614943,generator_rmse
20260818,qualified,5,Pdiag finite,0.20380980475708274,generator_rmse
20260818,qualified,5,Full operator,1.192565992757347,generator_rmse
20260818,qualified,5,Generic RBF,0.8565151180594551,generator_rmse
20260818,random,8,Pdiag finite,0.16708622064010675,generator_rmse
20260818,random,8,Full operator,0.4481523661765287,generator_rmse
20260818,random,8,Generic RBF,0.35153395586282316,generator_rmse
20260818,qualified,8,Pdiag finite,0.2129866201807798,generator_rmse
20260818,qualified,8,Full operator,0.6702444131347656,generator_rmse
20260818,qualified,8,Generic RBF,0.5970324973290275,generator_rmse
20260818,random,10,Pdiag finite,0.12807949776369862,generator_rmse
20260818,random,10,Full operator,0.2707463667507734,generator_rmse
20260818,random,10,Generic RBF,0.21471576340168616,generator_rmse
20260818,qualified,10,Pdiag finite,0.1550057400182313,generator_rmse
20260818,qualified,10,Full operator,0.3160284067386388,generator_rmse
20260818,qualified,10,Generic RBF,0.2779307187119558,generator_rmse
20260818,random,15,Pdiag finite,0.16887671424841413,generator_rmse
20260818,random,15,Full operator,0.27915661240554845,generator_rmse
20260818,random,15,Generic RBF,0.2629939758923867,generator_rmse
20260818,qualified,15,Pdiag finite,0.152961569124041,generator_rmse
20260818,qualified,15,Full operator,0.297050148448711,generator_rmse
20260818,qualified,15,Generic RBF,0.2778075335138853,generator_rmse
20260818,random,20,Pdiag finite,0.14359397293122833,generator_rmse
20260818,random,20,Full operator,0.1979719746178266,generator_rmse
20260818,random,20,Generic RBF,0.1914825109322155,generator_rmse
20260818,qualified,20,Pdiag finite,0.14598351302884333,generator_rmse
20260818,qualified,20,Full operator,0.2065680842630563,generator_rmse
20260818,qualified,20,Generic RBF,0.19416835635722654,generator_rmse
20270818,random,3,Pdiag finite,0.18308293009204243,generator_rmse
20270818,random,3,Full operator,0.45889231672109576,generator_rmse
20270818,random,3,Generic RBF,0.8132166587546432,generator_rmse
20270818,qualified,3,Pdiag finite,0.1823137973439491,generator_rmse
20270818,qualified,3,Full operator,0.44242866311179585,generator_rmse
20270818,qualified,3,Generic RBF,0.9144642573786597,generator_rmse
20270818,random,5,Pdiag finite,0.1313952736930058,generator_rmse
20270818,random,5,Full operator,0.1613851225295529,generator_rmse
20270818,random,5,Generic RBF,0.15572375446016823,generator_rmse
20270818,qualified,5,Pdiag finite,0.15759537472748014,generator_rmse
20270818,qualified,5,Full operator,0.28260214103572967,generator_rmse
20270818,qualified,5,Generic RBF,0.3404355326932652,generator_rmse
20270818,random,8,Pdiag finite,0.12011860269490753,generator_rmse
20270818,random,8,Full operator,0.13757712227414426,generator_rmse
20270818,random,8,Generic RBF,0.13342255813398596,generator_rmse
20270818,qualified,8,Pdiag finite,0.14620250591503556,generator_rmse
20270818,qualified,8,Full operator,0.1587015406974564,generator_rmse
20270818,qualified,8,Generic RBF,0.15128090520289889,generator_rmse
20270818,random,10,Pdiag finite,0.13910400618498234,generator_rmse
20270818,random,10,Full operator,0.17019587175552015,generator_rmse
20270818,random,10,Generic RBF,0.16902605605721135,generator_rmse
20270818,qualified,10,Pdiag finite,0.13282857650916963,generator_rmse
20270818,qualified,10,Full operator,0.1371258938204284,generator_rmse
20270818,qualified,10,Generic RBF,0.13791934270660614,generator_rmse
20270818,random,15,Pdiag finite,0.1253986542603105,generator_rmse
20270818,random,15,Full operator,0.136925828272012,generator_rmse
20270818,random,15,Generic RBF,0.13605332987205904,generator_rmse
20270818,qualified,15,Pdiag finite,0.12442538489225093,generator_rmse
20270818,qualified,15,Full operator,0.11568373275593338,generator_rmse
20270818,qualified,15,Generic RBF,0.11427079989945392,generator_rmse
20270818,random,20,Pdiag finite,0.1123273672043931,generator_rmse
20270818,random,20,Full operator,0.11125257182374806,generator_rmse
20270818,random,20,Generic RBF,0.11088669936602044,generator_rmse
20270818,qualified,20,Pdiag finite,0.10867913121743293,generator_rmse
20270818,qualified,20,Full operator,0.09949634166805685,generator_rmse
20270818,qualified,20,Generic RBF,0.09934413930253302,generator_rmse
20280818,random,3,Pdiag finite,0.49000279956084763,generator_rmse
20280818,random,3,Full operator,0.7963972678248833,generator_rmse
20280818,random,3,Generic RBF,1.0164720603469768,generator_rmse
20280818,qualified,3,Pdiag finite,0.5449793322104957,generator_rmse
20280818,qualified,3,Full operator,0.7942994745256348,generator_rmse
20280818,qualified,3,Generic RBF,1.0633271441862724,generator_rmse
20280818,random,5,Pdiag finite,0.47150945752497514,generator_rmse
20280818,random,5,Full operator,0.5119131005708248,generator_rmse
20280818,random,5,Generic RBF,0.5483250672626804,generator_rmse
20280818,qualified,5,Pdiag finite,0.5268323818736895,generator_rmse
20280818,qualified,5,Full operator,0.746554711563247,generator_rmse
20280818,qualified,5,Generic RBF,0.7069146218610198,generator_rmse
20280818,random,8,Pdiag finite,0.503309420245057,generator_rmse
20280818,random,8,Full operator,0.5663774955490197,generator_rmse
20280818,random,8,Generic RBF,0.5411124585892162,generator_rmse
20280818,qualified,8,Pdiag finite,0.5251032192789471,generator_rmse
20280818,qualified,8,Full operator,0.7319432923563346,generator_rmse
20280818,qualified,8,Generic RBF,0.6854937579581087,generator_rmse
20280818,random,10,Pdiag finite,0.4581210980814568,generator_rmse
20280818,random,10,Full operator,0.5437629241518485,generator_rmse
20280818,random,10,Generic RBF,0.5434428692170996,generator_rmse
20280818,qualified,10,Pdiag finite,0.49221732096111986,generator_rmse
20280818,qualified,10,Full operator,0.5477029807100109,generator_rmse
20280818,qualified,10,Generic RBF,0.5449143430351404,generator_rmse
20280818,random,15,Pdiag finite,0.4877585310857415,generator_rmse
20280818,random,15,Full operator,0.5506134650616987,generator_rmse
20280818,random,15,Generic RBF,0.5465614729257758,generator_rmse
20280818,qualified,15,Pdiag finite,0.4991493275801145,generator_rmse
20280818,qualified,15,Full operator,0.5115286083179699,generator_rmse
20280818,qualified,15,Generic RBF,0.5100872733062297,generator_rmse
20280818,random,20,Pdiag finite,0.49040807380623475,generator_rmse
20280818,random,20,Full operator,0.5144803817568188,generator_rmse
20280818,random,20,Generic RBF,0.5120132744425111,generator_rmse
20280818,qualified,20,Pdiag finite,0.4920604078548207,generator_rmse
20280818,qualified,20,Full operator,0.5414296145515538,generator_rmse
20280818,qualified,20,Generic RBF,0.5377352850342489,generator_rmse
20290818,random,3,Pdiag finite,0.22606748526502907,generator_rmse
20290818,random,3,Full operator,0.893662702775121,generator_rmse
20290818,random,3,Generic RBF,0.8913282489467269,generator_rmse
20290818,qualified,3,Pdiag finite,0.23364427008976252,generator_rmse
20290818,qualified,3,Full operator,0.6588471233760512,generator_rmse
20290818,qualified,3,Generic RBF,0.9971899830275912,generator_rmse
20290818,random,5,Pdiag finite,0.23667191036291774,generator_rmse
20290818,random,5,Full operator,0.830749519984322,generator_rmse
20290818,random,5,Generic RBF,0.6320411195437052,generator_rmse
20290818,qualified,5,Pdiag finite,0.26118439286962586,generator_rmse
20290818,qualified,5,Full operator,0.6386046870276292,generator_rmse
20290818,qualified,5,Generic RBF,0.5885580176538795,generator_rmse
20290818,random,8,Pdiag finite,0.24501591328267716,generator_rmse
20290818,random,8,Full operator,0.6818059749528111,generator_rmse
20290818,random,8,Generic RBF,0.5669725307755376,generator_rmse
20290818,qualified,8,Pdiag finite,0.2338405863730249,generator_rmse
20290818,qualified,8,Full operator,0.3841402619196074,generator_rmse
20290818,qualified,8,Generic RBF,0.349482230656744,generator_rmse
20290818,random,10,Pdiag finite,0.24564654325531113,generator_rmse
20290818,random,10,Full operator,0.4783651353070466,generator_rmse
20290818,random,10,Generic RBF,0.44292320675194646,generator_rmse
20290818,qualified,10,Pdiag finite,0.22719634864088006,generator_rmse
20290818,qualified,10,Full operator,0.46218809540123973,generator_rmse
20290818,qualified,10,Generic RBF,0.37852461897318423,generator_rmse
20290818,random,15,Pdiag finite,0.25762202104714593,generator_rmse
20290818,random,15,Full operator,0.3882904941805847,generator_rmse
20290818,random,15,Generic RBF,0.35549698969568333,generator_rmse
20290818,qualified,15,Pdiag finite,0.2510705928143956,generator_rmse
20290818,qualified,15,Full operator,0.4325071599128238,generator_rmse
20290818,qualified,15,Generic RBF,0.38106492607896475,generator_rmse
20290818,random,20,Pdiag finite,0.2583927304937613,generator_rmse
20290818,random,20,Full operator,0.38906122421212463,generator_rmse
20290818,random,20,Generic RBF,0.3562359151801987,generator_rmse
20290818,qualified,20,Pdiag finite,0.2612289469531549,generator_rmse
20290818,qualified,20,Full operator,0.3634209460667987,generator_rmse
20290818,qualified,20,Generic RBF,0.3329480199254079,generator_rmse
20300818,random,3,Pdiag finite,0.18816995885438825,generator_rmse
20300818,random,3,Full operator,0.476176686422036,generator_rmse
20300818,random,3,Generic RBF,0.8279743834130711,generator_rmse
20300818,qualified,3,Pdiag finite,0.18204350977819148,generator_rmse
20300818,qualified,3,Full operator,0.43830518578151995,generator_rmse
20300818,qualified,3,Generic RBF,0.905329642079556,generator_rmse
20300818,random,5,Pdiag finite,0.15612513328828156,generator_rmse
20300818,random,5,Full operator,0.23980239832519645,generator_rmse
20300818,random,5,Generic RBF,0.23771696971349657,generator_rmse
20300818,qualified,5,Pdiag finite,0.1495979815798628,generator_rmse
20300818,qualified,5,Full operator,0.256615042319411,generator_rmse
20300818,qualified,5,Generic RBF,0.24659631171268975,generator_rmse
20300818,random,8,Pdiag finite,0.14841029195182845,generator_rmse
20300818,random,8,Full operator,0.1966780695802632,generator_rmse
20300818,random,8,Generic RBF,0.18876481745672943,generator_rmse
20300818,qualified,8,Pdiag finite,0.13438221977584844,generator_rmse
20300818,qualified,8,Full operator,0.2026692152892226,generator_rmse
20300818,qualified,8,Generic RBF,0.1956905939167044,generator_rmse
20300818,random,10,Pdiag finite,0.13081679384206044,generator_rmse
20300818,random,10,Full operator,0.16834812279016412,generator_rmse
20300818,random,10,Generic RBF,0.16667023161453348,generator_rmse
20300818,qualified,10,Pdiag finite,0.1117340698839014,generator_rmse
20300818,qualified,10,Full operator,0.1511920481391496,generator_rmse
20300818,qualified,10,Generic RBF,0.14893546878322952,generator_rmse
20300818,random,15,Pdiag finite,0.10089857979899068,generator_rmse
20300818,random,15,Full operator,0.122477011184846,generator_rmse
20300818,random,15,Generic RBF,0.1198506759915983,generator_rmse
20300818,qualified,15,Pdiag finite,0.11145379814723073,generator_rmse
20300818,qualified,15,Full operator,0.1274494446245388,generator_rmse
20300818,qualified,15,Generic RBF,0.12550610573327373,generator_rmse
20300818,random,20,Pdiag finite,0.09826010797539494,generator_rmse
20300818,random,20,Full operator,0.10154641306873842,generator_rmse
20300818,random,20,Generic RBF,0.09967753519451755,generator_rmse
20300818,qualified,20,Pdiag finite,0.08134727448667672,generator_rmse
20300818,qualified,20,Full operator,0.08874013751392247,generator_rmse
20300818,qualified,20,Generic RBF,0.08707885882385376,generator_rmse
20260818,random,30,Pdiag finite,0.1689027778993547,generator_rmse
20260818,random,30,Full operator,0.1987120057872854,generator_rmse
20260818,random,30,Generic RBF,0.1959060105775204,generator_rmse
20270818,random,30,Pdiag finite,0.1130652608344036,generator_rmse
20270818,random,30,Full operator,0.0960438276580676,generator_rmse
20270818,random,30,Generic RBF,0.0960620875811363,generator_rmse
20280818,random,30,Pdiag finite,0.4932867062667135,generator_rmse
20280818,random,30,Full operator,0.5169322460449903,generator_rmse
20280818,random,30,Generic RBF,0.5132199635162042,generator_rmse
20290818,random,30,Pdiag finite,0.2535346188448668,generator_rmse
20290818,random,30,Full operator,0.2961525728994859,generator_rmse
20290818,random,30,Generic RBF,0.2837364011565542,generator_rmse
20300818,random,30,Pdiag finite,0.0623570560773194,generator_rmse
20300818,random,30,Full operator,0.0569618112829571,generator_rmse
20300818,random,30,Generic RBF,0.0556526406662989,generator_rmse
20260818,qualified,30,Pdiag finite,0.1689027778993547,generator_rmse
20260818,qualified,30,Full operator,0.1987120057872854,generator_rmse
20260818,qualified,30,Generic RBF,0.1959060105775204,generator_rmse
20270818,qualified,30,Pdiag finite,0.1130652608344036,generator_rmse
20270818,qualified,30,Full operator,0.0960438276580676,generator_rmse
20270818,qualified,30,Generic RBF,0.0960620875811363,generator_rmse
20280818,qualified,30,Pdiag finite,0.4932867062667135,generator_rmse
20280818,qualified,30,Full operator,0.5169322460449903,generator_rmse
20280818,qualified,30,Generic RBF,0.5132199635162042,generator_rmse
20290818,qualified,30,Pdiag finite,0.2535346188448668,generator_rmse
20290818,qualified,30,Full operator,0.2961525728994859,generator_rmse
20290818,qualified,30,Generic RBF,0.2837364011565542,generator_rmse
20300818,qualified,30,Pdiag finite,0.0623570560773194,generator_rmse
20300818,qualified,30,Full operator,0.0569618112829571,generator_rmse
20300818,qualified,30,Generic RBF,0.0556526406662989,generator_rmse
20260818,random,3,Pdiag finite,0.00779717925446035,switch_absolute_error
20260818,random,3,Full operator,0.013618421451137815,switch_absolute_error
20260818,random,3,Generic RBF,0.02740250778369875,switch_absolute_error
20260818,qualified,3,Pdiag finite,0.011729940750745863,switch_absolute_error
20260818,qualified,3,Full operator,0.01078746146649325,switch_absolute_error
20260818,qualified,3,Generic RBF,0.06185946611495124,switch_absolute_error
20260818,random,5,Pdiag finite,0.01051371361892607,switch_absolute_error
20260818,random,5,Full operator,0.00924566565395675,switch_absolute_error
20260818,random,5,Generic RBF,0.01141232042532082,switch_absolute_error
20260818,qualified,5,Pdiag finite,0.00941787059734528,switch_absolute_error
20260818,qualified,5,Full operator,0.00890765975992322,switch_absolute_error
20260818,qualified,5,Generic RBF,0.023038111618331567,switch_absolute_error
20260818,random,8,Pdiag finite,0.009585001024836561,switch_absolute_error
20260818,random,8,Full operator,0.0068704132402613,switch_absolute_error
20260818,random,8,Generic RBF,0.00808800861165042,switch_absolute_error
20260818,qualified,8,Pdiag finite,0.00792325474072145,switch_absolute_error
20260818,qualified,8,Full operator,0.00654477556531151,switch_absolute_error
20260818,qualified,8,Generic RBF,0.010847009715870345,switch_absolute_error
20260818,random,10,Pdiag finite,0.00950516386358744,switch_absolute_error
20260818,random,10,Full operator,0.00690315588222813,switch_absolute_error
20260818,random,10,Generic RBF,0.01108650237745459,switch_absolute_error
20260818,qualified,10,Pdiag finite,0.009274778046282439,switch_absolute_error
20260818,qualified,10,Full operator,0.00795476557018274,switch_absolute_error
20260818,qualified,10,Generic RBF,0.00932400913717117,switch_absolute_error
20260818,random,15,Pdiag finite,0.00983679266714375,switch_absolute_error
20260818,random,15,Full operator,0.00779249160318307,switch_absolute_error
20260818,random,15,Generic RBF,0.0032829936766425303,switch_absolute_error
20260818,qualified,15,Pdiag finite,0.00965798653105429,switch_absolute_error
20260818,qualified,15,Full operator,0.00729443661820796,switch_absolute_error
20260818,qualified,15,Generic RBF,0.003407304619159676,switch_absolute_error
20260818,random,20,Pdiag finite,0.00983461694421859,switch_absolute_error
20260818,random,20,Full operator,0.007837483492517939,switch_absolute_error
20260818,random,20,Generic RBF,0.00458321781633074,switch_absolute_error
20260818,qualified,20,Pdiag finite,0.00987146530175778,switch_absolute_error
20260818,qualified,20,Full operator,0.00779731746122808,switch_absolute_error
20260818,qualified,20,Generic RBF,0.004577711996136919,switch_absolute_error
20270818,random,3,Pdiag finite,0.00971153060531348,switch_absolute_error
20270818,random,3,Full operator,0.010427025056630485,switch_absolute_error
20270818,random,3,Generic RBF,0.0241658123776643,switch_absolute_error
20270818,qualified,3,Pdiag finite,0.008138793236157424,switch_absolute_error
20270818,qualified,3,Full operator,0.011856469251985337,switch_absolute_error
20270818,qualified,3,Generic RBF,0.04708379289618687,switch_absolute_error
20270818,random,5,Pdiag finite,0.00849776292597456,switch_absolute_error
20270818,random,5,Full operator,0.00792747362177615,switch_absolute_error
20270818,random,5,Generic RBF,0.0075831248764482205,switch_absolute_error
20270818,qualified,5,Pdiag finite,0.0056676031444125394,switch_absolute_error
20270818,qualified,5,Full operator,0.00889294882732332,switch_absolute_error
20270818,qualified,5,Generic RBF,0.00928979916638282,switch_absolute_error
20270818,random,8,Pdiag finite,0.00804363737653835,switch_absolute_error
20270818,random,8,Full operator,0.0058429021150115,switch_absolute_error
20270818,random,8,Generic RBF,0.00554692905334089,switch_absolute_error
20270818,qualified,8,Pdiag finite,0.00606582582862372,switch_absolute_error
20270818,qualified,8,Full operator,0.0053763403510369775,switch_absolute_error
20270818,qualified,8,Generic RBF,0.00517201386282969,switch_absolute_error
20270818,random,10,Pdiag finite,0.00829167309445291,switch_absolute_error
20270818,random,10,Full operator,0.006725631080756631,switch_absolute_error
20270818,random,10,Generic RBF,0.00653749127305837,switch_absolute_error
20270818,qualified,10,Pdiag finite,0.00634859965130403,switch_absolute_error
20270818,qualified,10,Full operator,0.0055691427151962295,switch_absolute_error
20270818,qualified,10,Generic RBF,0.00527971802664123,switch_absolute_error
20270818,random,15,Pdiag finite,0.0067056815855812205,switch_absolute_error
20270818,random,15,Full operator,0.004922900281876299,switch_absolute_error
20270818,random,15,Generic RBF,0.00482168718463688,switch_absolute_error
20270818,qualified,15,Pdiag finite,0.00695168795629657,switch_absolute_error
20270818,qualified,15,Full operator,0.00546343509350362,switch_absolute_error
20270818,qualified,15,Generic RBF,0.00535743462475203,switch_absolute_error
20270818,random,20,Pdiag finite,0.006736767586341739,switch_absolute_error
20270818,random,20,Full operator,0.00492920988025879,switch_absolute_error
20270818,random,20,Generic RBF,0.00479077344812036,switch_absolute_error
20270818,qualified,20,Pdiag finite,0.00701077212065446,switch_absolute_error
20270818,qualified,20,Full operator,0.0052180082708971195,switch_absolute_error
20270818,qualified,20,Generic RBF,0.00509616609304068,switch_absolute_error
20280818,random,3,Pdiag finite,0.00765221175915855,switch_absolute_error
20280818,random,3,Full operator,0.014511469710876943,switch_absolute_error
20280818,random,3,Generic RBF,0.03138637352471505,switch_absolute_error
20280818,qualified,3,Pdiag finite,0.00926180005311045,switch_absolute_error
20280818,qualified,3,Full operator,0.01389062868173975,switch_absolute_error
20280818,qualified,3,Generic RBF,0.06716277638629688,switch_absolute_error
20280818,random,5,Pdiag finite,0.0079305212559963,switch_absolute_error
20280818,random,5,Full operator,0.007346487989694379,switch_absolute_error
20280818,random,5,Generic RBF,0.007561554675831466,switch_absolute_error
20280818,qualified,5,Pdiag finite,0.0063481821840517105,switch_absolute_error
20280818,qualified,5,Full operator,0.00637051508828637,switch_absolute_error
20280818,qualified,5,Generic RBF,0.02030579073663426,switch_absolute_error
20280818,random,8,Pdiag finite,0.006692734307912179,switch_absolute_error
20280818,random,8,Full operator,0.00414567884039921,switch_absolute_error
20280818,random,8,Generic RBF,0.0046345814546814,switch_absolute_error
20280818,qualified,8,Pdiag finite,0.0046360467599365,switch_absolute_error
20280818,qualified,8,Full operator,0.00455773686901947,switch_absolute_error
20280818,qualified,8,Generic RBF,0.009924247981303723,switch_absolute_error
20280818,random,10,Pdiag finite,0.00572212079148114,switch_absolute_error
20280818,random,10,Full operator,0.00452648396459168,switch_absolute_error
20280818,random,10,Generic RBF,0.01006124663148955,switch_absolute_error
20280818,qualified,10,Pdiag finite,0.006547510650813271,switch_absolute_error
20280818,qualified,10,Full operator,0.00573804691794912,switch_absolute_error
20280818,qualified,10,Generic RBF,0.0066106786506618,switch_absolute_error
20280818,random,15,Pdiag finite,0.0064100297586307505,switch_absolute_error
20280818,random,15,Full operator,0.00456548617943155,switch_absolute_error
20280818,random,15,Generic RBF,0.00312479626540386,switch_absolute_error
20280818,qualified,15,Pdiag finite,0.00638001973196955,switch_absolute_error
20280818,qualified,15,Full operator,0.00454940146986404,switch_absolute_error
20280818,qualified,15,Generic RBF,0.00512061099711753,switch_absolute_error
20280818,random,20,Pdiag finite,0.00662355249914069,switch_absolute_error
20280818,random,20,Full operator,0.00479323302100107,switch_absolute_error
20280818,random,20,Generic RBF,0.003975862546437401,switch_absolute_error
20280818,qualified,20,Pdiag finite,0.0062013777732956,switch_absolute_error
20280818,qualified,20,Full operator,0.0043941691823004,switch_absolute_error
20280818,qualified,20,Generic RBF,0.00239759791731618,switch_absolute_error
20290818,random,3,Pdiag finite,0.004784080964358001,switch_absolute_error
20290818,random,3,Full operator,0.016616016470486685,switch_absolute_error
20290818,random,3,Generic RBF,0.02663171071350015,switch_absolute_error
20290818,qualified,3,Pdiag finite,0.005826793669788289,switch_absolute_error
20290818,qualified,3,Full operator,0.01610869169601575,switch_absolute_error
20290818,qualified,3,Generic RBF,0.08098974027955809,switch_absolute_error
20290818,random,5,Pdiag finite,0.0051875313405645804,switch_absolute_error
20290818,random,5,Full operator,0.00432144777103426,switch_absolute_error
20290818,random,5,Generic RBF,0.01077154149758414,switch_absolute_error
20290818,qualified,5,Pdiag finite,0.00435948258184849,switch_absolute_error
20290818,qualified,5,Full operator,0.00504251225507134,switch_absolute_error
20290818,qualified,5,Generic RBF,0.0071965509334202,switch_absolute_error
20290818,random,8,Pdiag finite,0.0023183596795709046,switch_absolute_error
20290818,random,8,Full operator,0.00293548281603096,switch_absolute_error
20290818,random,8,Generic RBF,0.0137803655740212,switch_absolute_error
20290818,qualified,8,Pdiag finite,0.00318637150037616,switch_absolute_error
20290818,qualified,8,Full operator,0.0036314731129744697,switch_absolute_error
20290818,qualified,8,Generic RBF,0.008003286375316127,switch_absolute_error
20290818,random,10,Pdiag finite,0.00203194677115279,switch_absolute_error
20290818,random,10,Full operator,0.0020810363972366564,switch_absolute_error
20290818,random,10,Generic RBF,0.00925662761313473,switch_absolute_error
20290818,qualified,10,Pdiag finite,0.00295856100529507,switch_absolute_error
20290818,qualified,10,Full operator,0.00265740838760643,switch_absolute_error
20290818,qualified,10,Generic RBF,0.00794464230964283,switch_absolute_error
20290818,random,15,Pdiag finite,0.0019193379343474398,switch_absolute_error
20290818,random,15,Full operator,0.00165798505112052,switch_absolute_error
20290818,random,15,Generic RBF,0.00519905047409316,switch_absolute_error
20290818,qualified,15,Pdiag finite,0.00160811257387314,switch_absolute_error
20290818,qualified,15,Full operator,0.0016708575347959699,switch_absolute_error
20290818,qualified,15,Generic RBF,0.0055019517998401695,switch_absolute_error
20290818,random,20,Pdiag finite,0.0017590042196352074,switch_absolute_error
20290818,random,20,Full operator,0.0013067747479257202,switch_absolute_error
20290818,random,20,Generic RBF,0.0040836726169055804,switch_absolute_error
20290818,qualified,20,Pdiag finite,0.0017896070307926802,switch_absolute_error
20290818,qualified,20,Full operator,0.00116757262709229,switch_absolute_error
20290818,qualified,20,Generic RBF,0.00367017916003473,switch_absolute_error
20300818,random,3,Pdiag finite,0.00551462571397143,switch_absolute_error
20300818,random,3,Full operator,0.016358001616488073,switch_absolute_error
20300818,random,3,Generic RBF,0.0267425700683407,switch_absolute_error
20300818,qualified,3,Pdiag finite,0.00790301773467966,switch_absolute_error
20300818,qualified,3,Full operator,0.014118760749163451,switch_absolute_error
20300818,qualified,3,Generic RBF,0.07938674785435103,switch_absolute_error
20300818,random,5,Pdiag finite,0.00572719461034165,switch_absolute_error
20300818,random,5,Full operator,0.0049704611691278495,switch_absolute_error
20300818,random,5,Generic RBF,0.0047741988566833695,switch_absolute_error
20300818,qualified,5,Pdiag finite,0.00477678877396123,switch_absolute_error
20300818,qualified,5,Full operator,0.00556991611346408,switch_absolute_error
20300818,qualified,5,Generic RBF,0.005687847593009681,switch_absolute_error
20300818,random,8,Pdiag finite,0.00314887949294559,switch_absolute_error
20300818,random,8,Full operator,0.00225467284673204,switch_absolute_error
20300818,random,8,Generic RBF,0.0024269831830327398,switch_absolute_error
20300818,qualified,8,Pdiag finite,0.0042451354133446004,switch_absolute_error
20300818,qualified,8,Full operator,0.00428086954698125,switch_absolute_error
20300818,qualified,8,Generic RBF,0.00431706566849582,switch_absolute_error
20300818,random,10,Pdiag finite,0.0029038243224422,switch_absolute_error
20300818,random,10,Full operator,0.00225749012435756,switch_absolute_error
20300818,random,10,Generic RBF,0.00232015039578684,switch_absolute_error
20300818,qualified,10,Pdiag finite,0.00374427251123804,switch_absolute_error
20300818,qualified,10,Full operator,0.0033174988911156902,switch_absolute_error
20300818,qualified,10,Generic RBF,0.00328126510222213,switch_absolute_error
20300818,random,15,Pdiag finite,0.0034377312584435897,switch_absolute_error
20300818,random,15,Full operator,0.0022053199509671105,switch_absolute_error
20300818,random,15,Generic RBF,0.0022613077008410603,switch_absolute_error
20300818,qualified,15,Pdiag finite,0.00307630836326394,switch_absolute_error
20300818,qualified,15,Full operator,0.00174693834743145,switch_absolute_error
20300818,qualified,15,Generic RBF,0.00168046849877506,switch_absolute_error
20300818,random,20,Pdiag finite,0.0033179217477627997,switch_absolute_error
20300818,random,20,Full operator,0.00192759973527191,switch_absolute_error
20300818,random,20,Generic RBF,0.00188853292493203,switch_absolute_error
20300818,qualified,20,Pdiag finite,0.00340957151779338,switch_absolute_error
20300818,qualified,20,Full operator,0.0017824655717820401,switch_absolute_error
20300818,qualified,20,Generic RBF,0.0015587715959393396,switch_absolute_error
20260818,random,30,Pdiag finite,0.0096092342804537,switch_absolute_error
20260818,random,30,Full operator,0.0076721694444144,switch_absolute_error
20260818,random,30,Generic RBF,0.0053835330884982,switch_absolute_error
20270818,random,30,Pdiag finite,0.0066929527534229,switch_absolute_error
20270818,random,30,Full operator,0.0047638753807719,switch_absolute_error
20270818,random,30,Generic RBF,0.0047728395039992,switch_absolute_error
20280818,random,30,Pdiag finite,0.0062237604984152,switch_absolute_error
20280818,random,30,Full operator,0.004436542243735,switch_absolute_error
20280818,random,30,Generic RBF,0.0021750045728965,switch_absolute_error
20290818,random,30,Pdiag finite,0.0015604162042287,switch_absolute_error
20290818,random,30,Full operator,0.0004196464664789,switch_absolute_error
20290818,random,30,Generic RBF,0.0027338856983674,switch_absolute_error
20300818,random,30,Pdiag finite,0.0030626927632029,switch_absolute_error
20300818,random,30,Full operator,0.0012863177866924,switch_absolute_error
20300818,random,30,Generic RBF,0.0011934317208546,switch_absolute_error
20260818,qualified,30,Pdiag finite,0.0096092342804537,switch_absolute_error
20260818,qualified,30,Full operator,0.0076721694444144,switch_absolute_error
20260818,qualified,30,Generic RBF,0.0053835330884982,switch_absolute_error
20270818,qualified,30,Pdiag finite,0.0066929527534229,switch_absolute_error
20270818,qualified,30,Full operator,0.0047638753807719,switch_absolute_error
20270818,qualified,30,Generic RBF,0.0047728395039992,switch_absolute_error
20280818,qualified,30,Pdiag finite,0.0062237604984152,switch_absolute_error
20280818,qualified,30,Full operator,0.004436542243735,switch_absolute_error
20280818,qualified,30,Generic RBF,0.0021750045728965,switch_absolute_error
20290818,qualified,30,Pdiag finite,0.0015604162042287,switch_absolute_error
20290818,qualified,30,Full operator,0.0004196464664789,switch_absolute_error
20290818,qualified,30,Generic RBF,0.0027338856983674,switch_absolute_error
20300818,qualified,30,Pdiag finite,0.0030626927632029,switch_absolute_error
20300818,qualified,30,Full operator,0.0012863177866924,switch_absolute_error
20300818,qualified,30,Generic RBF,0.0011934317208546,switch_absolute_error
