task,seed,subset_id,protocol,sample_size,repeat,model,fit_success,fit_error,fit_seconds,e_alpha,m_multi_correct,du_switch_detected,du_switch_location,yaw_switch_detected,yaw_switch_location,alpha_pre_du,alpha_pre_dv,alpha_pre_dw,alpha_pre_roll,alpha_pre_pitch,alpha_pre_yaw,delta_du,delta_dv,delta_dw,delta_roll,delta_pitch,delta_yaw
multigen,20260818,0,random,8,0,Frame-weighted (SE(3)),True,,0.048784477010485716,0.34356491799616423,False,True,0.5955694564491198,True,0.5955694564491198,0.4642355311986411,0.4642355311986411,0.4642355311986411,0.4642355311986411,0.4642355311986411,0.4642355311986411,0.12998850169592896,0.12998850169592896,0.12998850169592896,0.12998850169592896,0.12998850169592896,0.12998850169592896
multigen,20260818,0,random,8,0,Full operator (SE(3)),True,,0.02895910899678711,0.1218623706327459,True,True,0.6747499421825076,True,0.5768916161326373,0.8281694836630358,0.7587537042868793,1.2163071776139358,0.7811776141590516,0.8158887019941383,0.8185272679219292,0.4491082094418435,-0.2390114062856583,-0.008518368846008872,-0.2212898058782382,-0.1821464318176662,0.6577811718748479
multigen,20260818,0,random,8,0,Pdiag pointwise (SE(3)),True,,0.16764777699427214,0.25913460074625244,True,False,,True,0.5742369378625397,0.08775944515728666,0.04795682855424859,0.8118217184775842,0.8078478806946177,0.8307240938819731,0.8205282663261501,0.26771599447618655,-0.3293529226394614,-0.05804480555594427,-0.1912939769744385,-0.17106480267607793,0.6662961682328774
multigen,20260818,0,random,8,0,Pdiag finite (SE(3)),True,,50.162088968994794,0.1345459223550346,True,True,0.6852688801867335,True,0.5777614006713454,0.830002496946692,0.5912103993386828,0.839857208788398,0.6581718850814886,0.8321138075953338,0.7056836004527988,0.4171223136704029,-0.24915295505213297,-0.06341878454382244,-0.1303361765738248,-0.17988201562633988,0.4704629550355257
multigen,20260818,5,qualified,8,2,Frame-weighted (SE(3)),True,,0.013570638999226503,0.21835987040250443,False,False,,False,,0.9500023650842923,0.9500023650842923,0.9500023650842923,0.9500023650842923,0.9500023650842923,0.9500023650842923,0.2165809251427051,0.2165809251427051,0.2165809251427051,0.2165809251427051,0.2165809251427051,0.2165809251427051
multigen,20260818,5,qualified,8,2,Full operator (SE(3)),True,,0.02224610598932486,1.9563264605036124,True,True,0.7062311081430713,True,0.5755137286694888,0.8413602330769726,-1.3067491734030703,0.8035036244125249,0.8128440490466471,0.8387089655542964,0.8012532360616248,0.42706603129555165,-2.3538470293884624,-0.08553372901780443,-0.19530856502957228,-0.12979200515023215,0.6378635363689208
multigen,20260818,5,qualified,8,2,Pdiag pointwise (SE(3)),True,,0.03754891200514976,0.20214235551442206,True,True,0.7286712782239972,True,0.5721428317982021,1.3315028445760222,0.6646064033257341,0.8306172202096667,0.8031366657140443,0.8207176410486161,0.8188383030209242,0.4768072454115312,-0.32164970237602086,-0.18615085930513753,-0.20358826221523307,-0.17894400079017903,0.6655417760253429
multigen,20260818,5,qualified,8,2,Pdiag finite (SE(3)),True,,95.7343210500112,0.13809365026514275,True,True,0.6960865320893375,True,0.5759930737214939,0.7767224655390548,0.694978873193455,0.8549637139083991,0.827989338055405,0.8287267165691694,0.7903542239790555,0.3547851173449808,-0.20320949479930472,-0.11898717670341552,-0.2343013403581552,-0.15154013783053522,0.5800650638631903
multigen,20260818,4,qualified,8,1,Frame-weighted (SE(3)),True,,0.08786831000179518,0.2044063019495195,False,False,,False,,0.7980404229001162,0.7980404229001162,0.7980404229001162,0.7980404229001162,0.7980404229001162,0.7980404229001162,0.1645104892942877,0.1645104892942877,0.1645104892942877,0.1645104892942877,0.1645104892942877,0.1645104892942877
multigen,20260818,4,qualified,8,1,Full operator (SE(3)),True,,0.026524132990743965,0.11740312792232412,True,True,0.6843438736406765,True,0.5738453595669178,0.7934191642182342,0.8097420292749262,0.7551202547737356,0.816415530438984,0.8235764281083169,0.8227082612157635,0.41687761014670977,-0.22438111404241412,-0.2414540830206613,-0.18637994081677234,-0.1768214509035968,0.6716014683572042
multigen,20260818,4,qualified,8,1,Pdiag pointwise (SE(3)),True,,0.11466274099075235,0.18808095980467077,True,False,,True,0.5774007139146861,0.27785167443445635,1.2577366728547503,0.5428639028710672,0.837214813921501,0.8125928048598078,0.8124169468594655,0.42144516217985606,-0.15125524553690095,-0.39412956223978723,-0.16574442568210856,-0.18889013299553137,0.6538444444544765
multigen,20260818,4,qualified,8,1,Pdiag finite (SE(3)),True,,96.62873678898904,0.12603435248195416,True,True,0.6774017160826756,True,0.5830183243481236,0.8624644984902673,0.7445713571854806,0.7558205277360629,0.804497826759608,0.8210838147990738,0.7186746088657623,0.5367880462611566,-0.21863509207781173,-0.2541025695693334,-0.2263574645860872,-0.1753225779500044,0.48502473004310087
multigen,20260818,8,random,15,2,Frame-weighted (SE(3)),True,,0.07962333899922669,0.1865586598581541,False,False,,False,,0.8481236913825435,0.8481236913825435,0.8481236913825435,0.8481236913825435,0.8481236913825435,0.8481236913825435,0.1163966775673051,0.1163966775673051,0.1163966775673051,0.1163966775673051,0.1163966775673051,0.1163966775673051
multigen,20260818,8,random,15,2,Full operator (SE(3)),True,,0.014354871003888547,0.13494381993814059,True,True,0.6945679331509713,True,0.5759088884144055,0.7525608451830366,0.7110794212790224,0.8116524750516239,0.7448592275387581,0.8481337245602647,0.8159159463876083,0.37035987368722373,-0.2719437338889379,-0.23082321109557125,-0.2545235622193245,-0.15132327053439465,0.6582598013055407
multigen,20260818,8,random,15,2,Pdiag pointwise (SE(3)),True,,0.12987755000358447,0.1868674638196876,True,True,0.7183354304635763,True,0.5737626793775926,1.384896744530171,0.6440608129544994,0.8171169063955235,0.7395155812788897,0.8549767349343653,0.8225893566180192,0.569144105336913,-0.19006385040529283,-0.20709900529476388,-0.25823280776754987,-0.14419363614626535,0.6674938662180747
multigen,20260818,8,random,15,2,Pdiag finite (SE(3)),True,,137.18280173800304,0.12791766475914684,True,True,0.7007419470327849,True,0.5780524148470523,0.731894690040295,0.8105075536093678,0.8719651503129652,0.8760827949357548,0.8095731600997454,0.793390309217727,0.28136504725342315,-0.17257043074738765,-0.11851011355467445,-0.11499354454300759,-0.18395239536470065,0.5846752087347212
multigen,20260818,6,random,15,0,Frame-weighted (SE(3)),True,,0.08246260799933225,0.20693253157129973,False,False,,False,,0.8118503369506257,0.8118503369506257,0.8118503369506257,0.8118503369506257,0.8118503369506257,0.8118503369506257,0.19618877874701546,0.19618877874701546,0.19618877874701546,0.19618877874701546,0.19618877874701546,0.19618877874701546
multigen,20260818,6,random,15,0,Full operator (SE(3)),True,,0.011340141005348414,0.1587240186016446,True,True,0.6687037758368297,True,0.5777552578169662,0.8770000745972881,0.4849329374809235,0.8995970799586914,0.8033290229216941,0.8228354292853968,0.807943906015912,0.48324224198138227,-0.486844348675344,-0.11368738013511348,-0.1986193568309076,-0.15752351778665052,0.6487024227927822
multigen,20260818,6,random,15,0,Pdiag pointwise (SE(3)),True,,0.12920955699519254,0.36603936834100803,True,False,,True,0.5775879337584533,-0.20295596311952438,1.679992331105239,0.8977228943268812,0.7997279883316658,0.8260294409526253,0.8087640853289162,0.2759550480105981,-0.14246478892065984,-0.1268720505608224,-0.20094554207881943,-0.17814849164990643,0.6501237671226424
multigen,20260818,6,random,15,0,Pdiag finite (SE(3)),True,,151.91552311299893,0.12597513808342695,True,True,0.6690701798635686,True,0.5809174481142069,0.7825176261885949,0.6744815976695446,0.9495993025936467,0.8510174839832793,0.7905752944623149,0.7797482628026862,0.46476161694667,-0.33462721123761363,-0.05257983301318214,-0.15961732196083112,-0.09762045771233863,0.5674480978930977
multigen,20270818,0,random,8,0,Frame-weighted (SE(3)),True,,0.007543495987192728,0.3406803154333513,False,True,0.5934811175633959,True,0.5934811175633959,0.4737908688106948,0.4737908688106948,0.4737908688106948,0.4737908688106948,0.4737908688106948,0.4737908688106948,0.14473126043111273,0.14473126043111273,0.14473126043111273,0.14473126043111273,0.14473126043111273,0.14473126043111273
multigen,20270818,0,random,8,0,Full operator (SE(3)),True,,0.0006640000065090135,0.1122934814137732,True,True,0.671846194786302,True,0.5762878432125652,0.8651238496004247,0.8624241922997649,1.2253012397780116,0.8118644443990002,0.8144589638094624,0.8160881173693759,0.47994955342424767,-0.13801867414655078,-0.01589886613230518,-0.17999092337644895,-0.18040482502666533,0.6581573302158655
multigen,20270818,0,random,8,0,Pdiag pointwise (SE(3)),True,,0.019040636005229317,0.25129680086375383,True,False,,True,0.5745323012655892,0.12040377717634598,0.06411531024494001,0.8050598574521254,0.7961143459555028,0.8224241491417575,0.8214919532886575,0.3048935078364111,-0.3072907713266338,-0.04691219540993863,-0.19286584310960064,-0.17772266040108808,0.6667477139250935
multigen,20270818,0,random,8,0,Pdiag finite (SE(3)),True,,88.3177451560041,0.1302742450197668,True,True,0.6821428039565947,True,0.5776761976193757,0.8606586592132266,0.617201416270026,0.840508957512262,0.6614656813725648,0.8313863884951247,0.710983640008149,0.45499234650427933,-0.21809676870447237,-0.04462914658733863,-0.1269646137565359,-0.1735151555039911,0.47738981316504026
multigen,20260818,17,qualified,30,2,Frame-weighted (SE(3)),True,,0.004204808006761596,0.19788743555585492,False,False,,False,,0.8667509675520902,0.8667509675520902,0.8667509675520902,0.8667509675520902,0.8667509675520902,0.8667509675520902,0.16723162489928856,0.16723162489928856,0.16723162489928856,0.16723162489928856,0.16723162489928856,0.16723162489928856
multigen,20260818,17,qualified,30,2,Full operator (SE(3)),True,,0.0006244340038392693,0.11739634968902199,True,True,0.6967978353771576,True,0.5787551619853267,0.7676088079201553,0.778305921347019,0.8991023742429911,0.783711225354419,0.8250391664022351,0.8151494395413296,0.36180959232346804,-0.21665731252674358,-0.12484649521055413,-0.21710906278429376,-0.17507126841605525,0.6529604395225235
multigen,20260818,17,qualified,30,2,Pdiag pointwise (SE(3)),True,,0.011120146999019198,0.13608983953825704,True,True,0.7048211881021796,True,0.5785944436880908,0.9715137066260005,0.9209179072015433,0.847380207522161,0.7769915627283218,0.830925518649316,0.8165923652100621,0.38428318258893446,-0.16070092691203441,-0.1931804593639581,-0.22264984871044835,-0.16903714205485976,0.6543709503845518
multigen,20260818,17,qualified,30,2,Pdiag finite (SE(3)),True,,119.83292625000468,0.12404571156680956,True,True,0.695677611212389,True,0.5839442551746128,0.7583370718789735,0.7680474918418428,0.8654289622911905,0.8420034316756272,0.8202861309000873,0.7606593877340185,0.35729725340682084,-0.19491388516567854,-0.12270478087306291,-0.1240294424290117,-0.19949201009726947,0.5195462422458628
multigen,20260818,1,random,8,1,Frame-weighted (SE(3)),True,,0.05915294399892446,0.16942819892358016,False,False,,False,,0.8391296639640848,0.8391296639640848,0.8391296639640848,0.8391296639640848,0.8391296639640848,0.8391296639640848,0.14049118461134058,0.14049118461134058,0.14049118461134058,0.14049118461134058,0.14049118461134058,0.14049118461134058
multigen,20260818,1,random,8,1,Full operator (SE(3)),True,,0.05111318999843206,0.11995473342117881,True,True,0.6867756843125546,True,0.5728586606574233,0.9087644968285811,0.6125087700008942,0.8795184298979379,0.7757034769694351,0.8664546160822633,0.8223173963877525,0.5068538510404333,-0.3881680707434412,-0.031133464154322832,-0.2246802375446646,-0.13330715804866078,0.6660096602227428
multigen,20260818,1,random,8,1,Pdiag pointwise (SE(3)),True,,0.07712689600884914,0.13110277613994858,True,True,0.675846529835266,True,0.5703130712098312,0.6844484069362922,1.1456328111164102,0.684153914987627,0.7382329400035417,0.8790280045176371,0.8257605254116891,0.4098003174126539,0.051080397863619176,-0.13356108939214895,-0.26035691562229313,-0.13012435408302725,0.6772946931657876
multigen,20260818,1,random,8,1,Pdiag finite (SE(3)),True,,227.61676418498973,0.11612570436433212,True,True,0.670787922626167,True,0.5796724733181551,0.5600453608069708,0.9308172558824928,0.9644531995636787,0.874934760639547,0.7230311076839103,0.7675141347701677,0.26939028808989796,-0.05669303656071256,-0.008576263499928793,-0.09319546706773263,-0.24363650828969852,0.49778259589174956
multigen,20270818,4,qualified,8,1,Frame-weighted (SE(3)),True,,0.004245699994498864,0.20946517862460332,False,False,,False,,0.7939302493467965,0.7939302493467965,0.7939302493467965,0.7939302493467965,0.7939302493467965,0.7939302493467965,0.16783915517772774,0.16783915517772774,0.16783915517772774,0.16783915517772774,0.16783915517772774,0.16783915517772774
multigen,20270818,4,qualified,8,1,Full operator (SE(3)),True,,0.0006742659898009151,0.12403401121912988,True,True,0.6844383948278956,True,0.574319443546291,0.7968681218856857,0.7425986501994353,0.787686230470124,0.8167101977582715,0.817750526942985,0.8115313874819293,0.42041510066269105,-0.25838161845375085,-0.22963327081364504,-0.17921573980060435,-0.18188616983299888,0.6573123453616947
multigen,20270818,4,qualified,8,1,Pdiag pointwise (SE(3)),True,,0.011550072013051249,0.18357040417563766,True,False,,True,0.5783788768070195,0.25696697715488126,1.2333197387277757,0.6009835370890099,0.816787226403571,0.8102495148866489,0.8102612950523436,0.3976322201513963,-0.13748274747130784,-0.3432176548228506,-0.18185253466397433,-0.18994598762726222,0.6477056934169388
multigen,20270818,4,qualified,8,1,Pdiag finite (SE(3)),True,,57.68786768699647,0.12772822597109396,True,True,0.6779089732990357,True,0.5840240249051263,0.8421774584547883,0.7029470355759264,0.818160333642759,0.8224481284340875,0.8150736002095943,0.7311860631235075,0.5144978618822869,-0.22583884885340255,-0.20326069695338544,-0.19642947956185586,-0.17626039587349762,0.4942472479827116
multigen,20260818,15,qualified,30,0,Frame-weighted (SE(3)),True,,0.038066440989496186,0.23454257410646231,False,True,0.6966223287143175,True,0.6966223287143175,0.659262321691185,0.659262321691185,0.659262321691185,0.659262321691185,0.659262321691185,0.659262321691185,0.13740672778357121,0.13740672778357121,0.13740672778357121,0.13740672778357121,0.13740672778357121,0.13740672778357121
multigen,20260818,15,qualified,30,0,Full operator (SE(3)),True,,0.03524477800237946,0.1226890803123025,True,True,0.6969754205178088,True,0.5743078199659454,0.8166632074205898,0.6881917174563842,0.927266311624681,0.809172908641234,0.8239365819009622,0.8131107977725724,0.4168394559697992,-0.30097746179384355,-0.02836542531815278,-0.19192371354484727,-0.17768615264319398,0.6619041476212743
multigen,20260818,15,qualified,30,0,Pdiag pointwise (SE(3)),True,,0.14470615900063422,0.17044758742269056,True,True,0.6828567266096145,True,0.5744293614615578,0.5090272635823099,0.23046927372941667,0.9010967279742286,0.8028061717831956,0.8244852998053864,0.8172471574371284,0.3657107270896399,-0.37129748102393495,-0.13598223321531755,-0.1976668205430152,-0.17784545382275718,0.6649842177835966
multigen,20260818,15,qualified,30,0,Pdiag finite (SE(3)),True,,280.06815114400524,0.12100311699752311,True,True,0.6958197839683485,True,0.5779463868159891,0.8162221792806146,0.7115851821673245,0.9316346303053846,0.8467607415002436,0.8161871336938866,0.795266273967949,0.42103366160824135,-0.2816326326860552,-0.052014645871413356,-0.15508263364764963,-0.1773539789179598,0.5788657034591473
multigen,20260818,10,qualified,15,1,Frame-weighted (SE(3)),True,,0.07761959500203375,0.24830338313730824,False,True,0.6992092386707357,True,0.6992092386707357,0.631835641505327,0.631835641505327,0.631835641505327,0.631835641505327,0.631835641505327,0.631835641505327,0.09500844084884419,0.09500844084884419,0.09500844084884419,0.09500844084884419,0.09500844084884419,0.09500844084884419
multigen,20260818,10,qualified,15,1,Full operator (SE(3)),True,,0.020405468996614218,0.11749947133541525,True,True,0.6944689056711364,True,0.5766605298611122,0.8500017182859658,0.7759581668194996,0.7779600203047914,0.8091318504099089,0.8180555710847405,0.8216039716786875,0.4724367428223574,-0.23717265259181752,-0.259477970941558,-0.1939385652719584,-0.18204804031471433,0.6651213686854923
multigen,20260818,10,qualified,15,1,Pdiag pointwise (SE(3)),True,,0.11503360699862242,0.17387491856358187,True,True,0.6887515390835043,True,0.5768846579479693,0.5846715414989399,0.34294498512165056,0.6338972832599624,0.8118286252430544,0.8205031726963665,0.8162215379433343,0.3507136534360491,-0.3075225888483825,-0.370299555963746,-0.18968318733356293,-0.17955250503984388,0.6589682082618253
multigen,20260818,10,qualified,15,1,Pdiag finite (SE(3)),True,,282.16911970698857,0.13430771085046553,True,True,0.695649489826138,True,0.5819161380225791,0.7677822348593915,0.7169284189130187,0.7120329134114672,0.7988373973945716,0.7626815280155589,0.7545287441725391,0.4078160709066023,-0.32101529516773497,-0.29332559726220453,-0.20108389226235657,-0.18008117317123262,0.5155912691285878
multigen,20270818,1,random,8,1,Frame-weighted (SE(3)),True,,0.005093676008982584,0.20421654297165964,False,False,,False,,0.9876225883990588,0.9876225883990588,0.9876225883990588,0.9876225883990588,0.9876225883990588,0.9876225883990588,0.29311072509977387,0.29311072509977387,0.29311072509977387,0.29311072509977387,0.29311072509977387,0.29311072509977387
multigen,20270818,1,random,8,1,Full operator (SE(3)),True,,0.0005594429967459291,0.21234052550729282,False,True,0.6878171867416795,True,0.5732379899942276,0.9588502583485924,0.5992054858969709,1.3900590279553882,0.7964630186336683,0.7529031813184449,0.8060127078789633,0.5555584886898846,-0.356077236578215,0.44491807716179,-0.2068220407162371,-0.24974540414080926,0.655983572649852
multigen,20270818,1,random,8,1,Pdiag pointwise (SE(3)),True,,0.012360958004137501,0.3032041808641713,False,True,0.6751862803659372,True,0.5709766876044154,0.6717487708717981,1.2862961058298645,1.4426130049143793,0.8056008649529225,0.7555515359041578,0.8058248393427496,0.3959358131244122,0.1983679002582952,0.6417082637883198,-0.1964179641368602,-0.25530827554643754,0.6617896589463095
multigen,20270818,1,random,8,1,Pdiag finite (SE(3)),True,,170.36806029100262,0.11958957671076552,True,True,0.6695802056800434,True,0.5791425806187097,0.5551993488152548,0.9857332775219156,1.0281619730706142,0.8637785657572643,0.7121730913837575,0.7101953520938414,0.268436097626037,0.0035911567080127993,0.06791906579591078,-0.10850380603981269,-0.25506197681054277,0.4467142948668373
multigen,20270818,3,qualified,8,0,Frame-weighted (SE(3)),True,,0.004182705000857823,0.2014452814039683,False,False,,False,,0.7760596772630408,0.7760596772630408,0.7760596772630408,0.7760596772630408,0.7760596772630408,0.7760596772630408,0.0979505371765893,0.0979505371765893,0.0979505371765893,0.0979505371765893,0.0979505371765893,0.0979505371765893
multigen,20270818,3,qualified,8,0,Full operator (SE(3)),True,,0.0028818650025641546,0.15559943588095265,True,True,0.7069178881527725,True,0.5826433675165321,0.9231490459472259,0.816895928049513,0.6773335063337029,0.8221724859695868,0.820905544298207,0.8266990912758435,0.3804959593424456,-0.19347647463487394,-0.17063972426728247,-0.1773919021495607,-0.1559602133920689,0.6560571049193685
multigen,20270818,3,qualified,8,0,Pdiag pointwise (SE(3)),True,,0.013309339003171772,0.2558049856490778,False,False,,True,0.5773574904730858,-0.27288985519515957,1.1581566640199785,0.854542447019407,0.829576112250739,0.813656164705124,0.8205267295848361,0.10382360914342548,-0.10058703239504041,-0.19959599007736162,-0.16892980928080825,-0.18783564552802956,0.66243402391847
multigen,20270818,3,qualified,8,0,Pdiag finite (SE(3)),True,,132.09866882000642,0.12854848062331767,True,True,0.7043488831242634,True,0.5819278534314339,0.7030930629284364,0.9077090743090542,0.8831093987449681,0.8374035081304954,0.7935292698023281,0.8009459643271891,0.21402910150302112,-0.03605163548357637,-0.13036787834422459,-0.13931028293919778,-0.24544650414372182,0.5704833738082749
multigen,20260818,7,random,15,1,Frame-weighted (SE(3)),True,,0.08854678500210866,0.27089131036375713,False,True,0.6786926949019525,True,0.6786926949019525,0.6027221188717748,0.6027221188717748,0.6027221188717748,0.6027221188717748,0.6027221188717748,0.6027221188717748,0.1332379700489268,0.1332379700489268,0.1332379700489268,0.1332379700489268,0.1332379700489268,0.1332379700489268
multigen,20260818,7,random,15,1,Full operator (SE(3)),True,,0.025981252998462878,0.21060873972196437,True,True,0.6963975285784529,True,0.5753112256626437,0.8140253822140167,0.504450803729846,0.9066497452095231,0.8362841342060671,0.8097385640733709,0.8126834186566216,0.4036836214853236,-0.5319119072741857,-0.06646762334945022,-0.16077953445721505,-0.1876407896360338,0.6598842534891027
multigen,20260818,7,random,15,1,Pdiag pointwise (SE(3)),True,,0.1242424289957853,0.4497909046867831,True,True,0.6946554982429184,True,0.5741237378787153,0.7876079077007954,-0.584413800870641,0.9049866570220476,0.8106717489582616,0.818152008357344,0.8125280991230516,0.40530419206430846,-0.5423630466749053,-0.09715773103208403,-0.1876053602854144,-0.17894350114307167,0.6626695730439932
multigen,20260818,7,random,15,1,Pdiag finite (SE(3)),True,,319.5662037430011,0.11966707819043726,True,True,0.6964263063443713,True,0.5767597049272177,0.7999899721388017,0.8458695593641471,0.8734670521814455,0.815074964964074,0.8140437210986007,0.7948518494470092,0.36803318300752,-0.07792490406532315,-0.1211536252717107,-0.16127117186561335,-0.1755808418382907,0.5997825889136955
multigen,20260818,3,qualified,8,0,Frame-weighted (SE(3)),True,,0.01754545301082544,0.23035710129607215,False,False,,False,,0.7856278269085992,0.7856278269085992,0.7856278269085992,0.7856278269085992,0.7856278269085992,0.7856278269085992,0.10798512425369944,0.10798512425369944,0.10798512425369944,0.10798512425369944,0.10798512425369944,0.10798512425369944
multigen,20260818,3,qualified,8,0,Full operator (SE(3)),True,,0.008254911008407362,0.6823004400042385,False,True,0.7064543219714025,True,0.5805131121645161,0.605227939113979,1.001819078574055,0.5974018085566088,0.8119159508240739,0.8192739594115263,0.8318037078058035,0.07479261244565183,-0.03403536347002678,-0.27439060138724825,-0.1878364971548141,-0.15868665638634427,0.6625445760341774
multigen,20260818,3,qualified,8,0,Pdiag pointwise (SE(3)),True,,0.020910726001602598,0.37152212028182124,False,False,,True,0.5771998090137844,-0.39235394804461393,1.261813614654299,0.8286967402946255,0.8243416619801119,0.8109389680744568,0.8414742172860907,-0.005976990316659825,0.004210304608837312,-0.2313735793064935,-0.17503128604709028,-0.19095959178098165,0.6846678204419218
multigen,20260818,3,qualified,8,0,Pdiag finite (SE(3)),True,,322.8629875820043,0.1339435766275366,True,True,0.7046814110720279,True,0.5818416221934753,0.7386146178532013,1.0036003036136512,0.8276028037857586,0.7735708195350839,0.8089295980714152,0.8083018599974244,0.30240758413871555,0.064384970756725,-0.18772101489088744,-0.21620651749275088,-0.22017512615142898,0.5757650649307456
multigen,20270818,2,random,8,2,Frame-weighted (SE(3)),True,,0.00471914499939885,0.4209806843834793,False,True,0.5737587309737932,True,0.5737587309737932,0.3993678572069582,0.3993678572069582,0.3993678572069582,0.3993678572069582,0.3993678572069582,0.3993678572069582,0.16580518447393522,0.16580518447393522,0.16580518447393522,0.16580518447393522,0.16580518447393522,0.16580518447393522
multigen,20270818,2,random,8,2,Full operator (SE(3)),True,,0.0008167890046024695,0.15889387535046198,True,True,0.6833797436452309,True,0.5782938733420881,0.780856914518171,0.8060812120048985,0.39939402310333016,0.8048015700995527,0.8078501764764323,0.8218811640551906,0.3923591335519132,-0.176994973413653,-0.4420810460730624,-0.1771427455616802,-0.19945623948141522,0.6642659459875743
multigen,20270818,2,random,8,2,Pdiag pointwise (SE(3)),True,,0.011826015004771762,0.581383206061939,False,False,,True,0.5802583403345577,-0.6734889268222888,-0.27483738163678223,0.7254687679279441,0.8126556050526811,0.8183808447049401,0.8294248066027669,0.14794396258482478,-0.4763908489723634,-0.05845582842962427,-0.18522365258940188,-0.18639089142049992,0.6627969796249272
multigen,20270818,2,random,8,2,Pdiag finite (SE(3)),True,,211.79815431698808,0.1346617264476329,True,True,0.6826334863691472,True,0.5839961329680583,0.725483290051764,0.6505368713218064,0.91700240236893,0.8389524386770333,0.7990992846681292,0.8096521314316312,0.37180973946506085,-0.2991821572747245,-0.10293547771169553,-0.12614719748478787,-0.24849822694370316,0.5885032418321732
multigen,20260818,12,random,30,0,Frame-weighted (SE(3)),True,,0.010675336001440883,0.21436202920240802,False,True,0.7079098372550845,True,0.7079098372550845,0.774414412997913,0.774414412997913,0.774414412997913,0.774414412997913,0.774414412997913,0.774414412997913,0.19436311520458638,0.19436311520458638,0.19436311520458638,0.19436311520458638,0.19436311520458638,0.19436311520458638
multigen,20260818,12,random,30,0,Full operator (SE(3)),True,,0.004384221989312209,0.11787382336329671,True,True,0.6989813642047289,True,0.5751995846224748,0.7729886323680499,0.810059600751015,0.8483824208810264,0.8027356000758773,0.8354965226691341,0.8192894722657819,0.3695940210613971,-0.2125606934633386,-0.11346353608713089,-0.19742216548293612,-0.1605634255604398,0.6643896218359213
multigen,20260818,12,random,30,0,Pdiag pointwise (SE(3)),True,,0.018079932997352444,0.15905138639260363,True,True,0.700906050540614,True,0.5750554513325968,0.8750913755315013,0.43617652503002846,0.8102829129842444,0.7896363757342515,0.8355490149799522,0.8188191916622894,0.4017943668387871,-0.2538717811932002,-0.16435634558717915,-0.20943761189605725,-0.16149790135801156,0.6642962817146032
multigen,20260818,12,random,30,0,Pdiag finite (SE(3)),True,,391.2126294780028,0.12350004112453677,True,True,0.6966042447932754,True,0.5807019182661156,0.7823092532042754,0.8401709756986848,0.8657219771638975,0.820199066247559,0.8033277592843081,0.755543468603786,0.40092046761664296,-0.15351433687072435,-0.10864992261856354,-0.15213771750013771,-0.1972591140376948,0.5133948260161962
multigen,20270818,7,random,15,1,Frame-weighted (SE(3)),True,,0.004051244002766907,0.25962602765396764,False,True,0.6782377400822625,True,0.6782377400822625,0.5961764723057458,0.5961764723057458,0.5961764723057458,0.5961764723057458,0.5961764723057458,0.5961764723057458,0.1303127287031668,0.1303127287031668,0.1303127287031668,0.1303127287031668,0.1303127287031668,0.1303127287031668
multigen,20270818,7,random,15,1,Full operator (SE(3)),True,,0.0006776009977329522,0.11629969469344736,True,True,0.6963183791181122,True,0.5766443049927034,0.807424511469266,0.7815194765719669,0.8249821774315983,0.8255056782832811,0.8118383946869588,0.8272379305746042,0.39812334536837807,-0.22124222791976078,-0.14406250529341968,-0.17463391517941684,-0.18518528589802963,0.6704191051731517
multigen,20270818,7,random,15,1,Pdiag pointwise (SE(3)),True,,0.010777054005302489,0.412020475571441,True,True,0.6946455514962865,True,0.5753355084743176,0.8049166691221494,-0.5938298012443274,0.8554341405295139,0.8095924756401195,0.8161339071040402,0.8240631163855671,0.42372229267661043,-0.5376777649959218,-0.13682279740079706,-0.18992501699256437,-0.18139498758614037,0.670419408320712
multigen,20270818,7,random,15,1,Pdiag finite (SE(3)),True,,110.83534319100727,0.11908256568027163,True,True,0.6963216926839594,True,0.5778957140169474,0.8072587114908848,0.8322818332328573,0.920436870555083,0.8501132053313892,0.8136033597972103,0.7988097505780921,0.37756874753121555,-0.07664578836241376,-0.06440236748808237,-0.12084654010010798,-0.17255356671346278,0.598140943026231
multigen,20260818,11,qualified,15,2,Frame-weighted (SE(3)),True,,0.02582816599169746,0.27842059331195473,False,True,0.680044787288126,True,0.680044787288126,0.5566815086089645,0.5566815086089645,0.5566815086089645,0.5566815086089645,0.5566815086089645,0.5566815086089645,0.09271939573671328,0.09271939573671328,0.09271939573671328,0.09271939573671328,0.09271939573671328,0.09271939573671328
multigen,20260818,11,qualified,15,2,Full operator (SE(3)),True,,0.008566767995944247,0.11492514966298167,True,True,0.6886809383664344,True,0.5745109322079482,0.811954503129821,0.7328494898536314,0.9472183040430207,0.7911840724075851,0.8319492281301477,0.8163459033066374,0.4142421630521205,-0.26488960637016834,-0.14038509650797448,-0.20986383397326702,-0.1706352687973769,0.6624809617638127
multigen,20260818,11,qualified,15,2,Pdiag pointwise (SE(3)),True,,0.09320961099001579,0.21178282556973815,True,False,,True,0.5740788095354223,-0.07177547925449042,0.5019938602725855,0.933884255991236,0.7883740428202515,0.8232851588126294,0.8182616726134013,0.21088209073409808,-0.2780223817423496,-0.1673399646926671,-0.21133757846252532,-0.17903335101057338,0.6661349343332491
multigen,20260818,11,qualified,15,2,Pdiag finite (SE(3)),True,,391.30579324500286,0.12586066997359885,True,True,0.6895867880272102,True,0.5782339021923867,0.777401770245225,0.683201263937872,0.830595545364462,0.7806445189250724,0.8139804925947612,0.799896004804902,0.3896146419663371,-0.25989865637806375,-0.16581752573850805,-0.18741397942996185,-0.21122321662348276,0.5789775205123895
multigen,20270818,5,qualified,8,2,Frame-weighted (SE(3)),True,,0.007915877999039367,0.21116872910391568,False,False,,False,,0.9736875211478978,0.9736875211478978,0.9736875211478978,0.9736875211478978,0.9736875211478978,0.9736875211478978,0.23582333077482542,0.23582333077482542,0.23582333077482542,0.23582333077482542,0.23582333077482542,0.23582333077482542
multigen,20270818,5,qualified,8,2,Full operator (SE(3)),True,,0.0013092080043861642,1.025925995488205,True,True,0.7101320423795665,True,0.5819117625870865,0.8562455098840281,-0.4273502910403329,0.9137655921647679,0.8232890208695102,0.8537926971572919,0.8098906159803928,0.45403416967195687,-1.3873097827644443,0.00446221046888895,-0.1762146546367016,-0.1221681888258398,0.6410955079436294
multigen,20270818,5,qualified,8,2,Pdiag pointwise (SE(3)),True,,0.020276121998904273,0.19225107135094882,True,True,0.7285681749122879,True,0.5707877473364756,1.3354570151210579,0.716874552864587,0.9206108280952052,0.8116359559867418,0.8190359966046965,0.8216174442933546,0.4808668338150953,-0.3117357063157775,-0.11562401782523435,-0.188592684701954,-0.1796031134153464,0.67748568432264
multigen,20270818,5,qualified,8,2,Pdiag finite (SE(3)),True,,178.79839780999464,0.13406318054161587,True,True,0.6970699973833925,True,0.5745647838124812,0.785877799091193,0.7100015166377557,0.9200142133392438,0.8125144992210277,0.8268290780382306,0.77928555095971,0.36167405313598144,-0.22974271631697984,-0.07362837089210927,-0.22743414745645618,-0.14953488131219894,0.5782357052013212
multigen,20270818,8,random,15,2,Frame-weighted (SE(3)),True,,0.005925980003667064,0.1792843709532429,False,False,,False,,0.9006262318330512,0.9006262318330512,0.9006262318330512,0.9006262318330512,0.9006262318330512,0.9006262318330512,0.16723594464669111,0.16723594464669111,0.16723594464669111,0.16723594464669111,0.16723594464669111,0.16723594464669111
multigen,20270818,8,random,15,2,Full operator (SE(3)),True,,0.0006776320078643039,0.12278761423431012,True,True,0.6963658443366987,True,0.575701335866682,0.8249687277310553,0.724803994553836,0.8622463438058751,0.8032108272529048,0.7829931252006734,0.8142767732109405,0.4382459891667047,-0.2586086591326412,-0.1947893687278054,-0.1959932605079988,-0.21695422228276018,0.6577162886434931
multigen,20270818,8,random,15,2,Pdiag pointwise (SE(3)),True,,0.011559663995285518,0.19361621746655003,True,True,0.7209404149725464,True,0.5722797661206748,1.3880300947531286,0.6471569629942813,1.0728521416589578,0.7965624368639932,0.781315879304599,0.8146277238556979,0.5688451314011927,-0.20039502739256654,0.05351464316372123,-0.2036371796663896,-0.21861698870548807,0.6645960577186687
multigen,20270818,8,random,15,2,Pdiag finite (SE(3)),True,,158.92266974100494,0.1277657839779541,True,True,0.7028939962911152,True,0.5764429636892309,0.740258202660846,0.825007630013521,0.9869124127975458,0.8625072379821921,0.7940934634821748,0.7745845719928254,0.28463040022055297,-0.16935219674451207,-0.00027517266689491837,-0.11777034522601815,-0.19709621834794577,0.5703339647658774
multigen,20270818,6,random,15,0,Frame-weighted (SE(3)),True,,0.0044948819995624945,0.19218015882833042,False,False,,False,,0.8528777304367929,0.8528777304367929,0.8528777304367929,0.8528777304367929,0.8528777304367929,0.8528777304367929,0.23777943829436987,0.23777943829436987,0.23777943829436987,0.23777943829436987,0.23777943829436987,0.23777943829436987
multigen,20270818,6,random,15,0,Full operator (SE(3)),True,,0.0007303020101971924,0.11202217474763711,True,True,0.6666593751520034,True,0.5778308825554962,0.864390720540505,0.7339845468760742,0.9487868318758556,0.8066521060169546,0.8332980145462153,0.8121705909739759,0.4714199390351252,-0.2473744289924853,-0.05173891843673062,-0.1946555826608215,-0.1476908851874742,0.6530879921201385
multigen,20270818,6,random,15,0,Pdiag pointwise (SE(3)),True,,0.011370256004738621,0.37307093736212643,True,False,,True,0.577102878588972,-0.18707884954529455,1.868814661802765,0.9160724966569098,0.7987647106694392,0.833546729151463,0.8127678317632698,0.2917309405328121,0.039238605150158534,-0.10003691934285919,-0.2016689799755017,-0.17242999594013597,0.6558218083520662
multigen,20270818,6,random,15,0,Pdiag finite (SE(3)),True,,168.13034986999992,0.10835276399173144,True,True,0.6672036915108422,True,0.580294485796908,0.8265195023243227,0.7841859031982085,0.9654157804232956,0.8427834646393315,0.7965196353708689,0.7782069768157501,0.5105042865452333,-0.2328669119385628,-0.03259099525569997,-0.1633356518121878,-0.09149583502271208,0.568450715939755
multigen,20260818,16,qualified,30,1,Frame-weighted (SE(3)),True,,0.005077536989119835,0.20889612160903628,False,True,0.7148183690637193,True,0.7148183690637193,0.7502199766973777,0.7502199766973777,0.7502199766973777,0.7502199766973777,0.7502199766973777,0.7502199766973777,0.1604204859374554,0.1604204859374554,0.1604204859374554,0.1604204859374554,0.1604204859374554,0.1604204859374554
multigen,20260818,16,qualified,30,1,Full operator (SE(3)),True,,0.0007021259953035042,0.1189767814316307,True,True,0.6957724563345759,True,0.576815350745147,0.8003988009296107,0.875183192343114,0.8511533319454633,0.7964518767721797,0.8296994068169855,0.8238802824947038,0.40516949087089554,-0.12740567003295877,-0.12262061824665771,-0.20407570153883559,-0.17103852315234447,0.6649346678445405
multigen,20260818,16,qualified,30,1,Pdiag pointwise (SE(3)),True,,0.011264012995525263,0.2319525306492803,True,True,0.7083486763563004,True,0.576970946443859,1.1452303738433944,0.20124770398878142,0.8356175776611985,0.7924380854744321,0.8319837379002171,0.8245013539538975,0.4792251363460319,-0.2604766190900947,-0.14949365462933695,-0.20668420739185767,-0.1681605793458052,0.6653734255624977
multigen,20260818,16,qualified,30,1,Pdiag finite (SE(3)),True,,391.1579330329987,0.11876125439858398,True,True,0.6947738514988531,True,0.5812939049529215,0.7988290043947024,0.8881989139079371,0.8762462267988548,0.8423564855253148,0.8147044293995236,0.7695090182828735,0.4047475873691602,-0.06799753361073402,-0.10384953699629618,-0.11705025650783729,-0.20843018437364602,0.5439275762303715
multigen,20260818,14,random,30,2,Frame-weighted (SE(3)),True,,0.0057221699971705675,0.2320937670502367,False,True,0.6940803750985344,True,0.6940803750985344,0.6973561548791853,0.6973561548791853,0.6973561548791853,0.6973561548791853,0.6973561548791853,0.6973561548791853,0.1839604525803511,0.1839604525803511,0.1839604525803511,0.1839604525803511,0.1839604525803511,0.1839604525803511
multigen,20260818,14,random,30,2,Full operator (SE(3)),True,,0.009188254989567213,0.1288149130657324,True,True,0.698124369731015,True,0.574914954223271,0.8069369893890925,0.9067307741725001,0.8243984623753423,0.8114926762217866,0.8194694299048302,0.8264264527495147,0.40576340251932025,-0.09343034709875253,-0.1422389342221031,-0.18866376193614076,-0.18425723790163473,0.6709469949721503
multigen,20260818,14,random,30,2,Pdiag pointwise (SE(3)),True,,0.012857359004556201,0.18946069266925553,True,True,0.6907878819024934,True,0.5763244687212765,0.6350250939258573,0.26204555146209096,0.8135967199593437,0.8109830638953031,0.8194325760373669,0.8257145655629771,0.37569751640331017,-0.2519699977035543,-0.17455052122942205,-0.188807249195873,-0.18323412674439732,0.6676456241485196
multigen,20260818,14,random,30,2,Pdiag finite (SE(3)),True,,453.5711083539936,0.11764247969799466,True,True,0.6937982564285489,True,0.580655867523778,0.800542469765441,0.8215401516208197,0.8434594003859053,0.8192060459947116,0.8209869596747695,0.7764201484431197,0.43549558676370637,-0.21949277325311833,-0.13261105169270815,-0.16372352360378517,-0.18862870876998905,0.5446336370443865
multigen,20270818,9,qualified,15,0,Frame-weighted (SE(3)),True,,0.004037708000396378,0.2024015366181708,False,True,0.7073774315331963,True,0.7073774315331963,0.7321038679506152,0.7321038679506152,0.7321038679506152,0.7321038679506152,0.7321038679506152,0.7321038679506152,0.1608467152575246,0.1608467152575246,0.1608467152575246,0.1608467152575246,0.1608467152575246,0.1608467152575246
multigen,20270818,9,qualified,15,0,Full operator (SE(3)),True,,0.00047343599726445973,0.1277055164219765,True,True,0.6971316666047721,True,0.5796920484579545,0.7141319320738302,0.8828869627734244,0.9554968455813859,0.8180376567740925,0.7812991192110771,0.8174374634324495,0.32007703714854696,-0.09710170167424947,0.03441306739331462,-0.18097151878392181,-0.2191724860136378,0.6521763699813956
multigen,20270818,9,qualified,15,0,Pdiag pointwise (SE(3)),True,,0.010496668008272536,0.1691026770943159,True,True,0.7024187371178271,True,0.5780662917612789,0.974654898680109,0.31431003084535897,0.9042192904337851,0.8108415107569822,0.7778979875925488,0.814759347285595,0.45621773046127323,-0.24596043086744807,-0.08204039772626115,-0.18846354613918181,-0.22186210912406612,0.6545775676974983
multigen,20270818,9,qualified,15,0,Pdiag finite (SE(3)),True,,166.19388567400165,0.12373043366472612,True,True,0.6951643959460271,True,0.5821202591691246,0.7007165098694215,0.9045275531861627,0.9484993441497886,0.8544921610970814,0.7986330584447175,0.7820589132428853,0.3337134915735975,-0.042423592852839476,-0.017955919913072993,-0.08691044821066474,-0.24861645121931042,0.5600574970184737
multigen,20270818,10,qualified,15,1,Frame-weighted (SE(3)),True,,0.00549101599608548,0.23934321885584467,False,True,0.6985260249988718,True,0.6985260249988718,0.6480858937853009,0.6480858937853009,0.6480858937853009,0.6480858937853009,0.6480858937853009,0.6480858937853009,0.11502574035302171,0.11502574035302171,0.11502574035302171,0.11502574035302171,0.11502574035302171,0.11502574035302171
multigen,20270818,10,qualified,15,1,Full operator (SE(3)),True,,0.0005389620055211708,0.11054755417602806,True,True,0.694492339326508,True,0.5760829142941334,0.8302733131785645,0.7822153675461319,0.9426240599859884,0.8082500883144271,0.8113414318219304,0.8126751802649588,0.4566303863989879,-0.2166136637203847,-0.12678607554559795,-0.19108847142178353,-0.19077338594260984,0.6559979775745703
multigen,20270818,10,qualified,15,1,Pdiag pointwise (SE(3)),True,,0.01447719699353911,0.15869756036331956,True,True,0.6890990380488016,True,0.5762020949252936,0.5772520626421069,0.3502444947278368,0.7592708915441493,0.8056369872323973,0.8123743556826895,0.8107677709089622,0.3481522942302321,-0.2832531251750836,-0.2560164209221769,-0.19443812022393303,-0.1880793062009638,0.6542128487081031
multigen,20270818,10,qualified,15,1,Pdiag finite (SE(3)),True,,191.71991207900282,0.12229231167867993,True,True,0.6958439325686808,True,0.581067526153094,0.7645854174356518,0.7269308435469338,0.8440709970626713,0.8043851853204197,0.7600608065675847,0.7562552064066701,0.4100358783352391,-0.2905210928925811,-0.17374494821773168,-0.1948093393952096,-0.17753706764935673,0.5193673646057261
multigen,20270818,12,random,30,0,Frame-weighted (SE(3)),True,,0.008123898995108902,0.20789258236745686,False,True,0.7069326675407087,True,0.7069326675407087,0.7705161154108319,0.7705161154108319,0.7705161154108319,0.7705161154108319,0.7705161154108319,0.7705161154108319,0.19378280112314816,0.19378280112314816,0.19378280112314816,0.19378280112314816,0.19378280112314816,0.19378280112314816
multigen,20270818,12,random,30,0,Full operator (SE(3)),True,,0.0011568149930099025,0.12366727350269498,True,True,0.6986647885630703,True,0.5756598985338854,0.755613464600787,0.7471548347439281,0.9043449984369972,0.8047977213984445,0.7950010080347713,0.8187017929405128,0.3568460820736922,-0.24764213157035664,-0.05974773271369194,-0.19470433615472316,-0.20326133888176046,0.6629787074476275
multigen,20270818,12,random,30,0,Pdiag pointwise (SE(3)),True,,0.019411317000049166,0.15285666582703097,True,True,0.7007168930746405,True,0.5754119968214113,0.8773819782478859,0.38286437708164733,0.8328983443762945,0.8084539345585402,0.7940599297657939,0.818357481714186,0.4070238342016477,-0.28182076801254563,-0.14489419927478497,-0.19006100768518486,-0.2048324281593974,0.6631837382802059
multigen,20270818,12,random,30,0,Pdiag finite (SE(3)),True,,203.8489916739927,0.12407175735560398,True,True,0.6964301003083081,True,0.5808231406090796,0.7699014112018938,0.7875657977936814,0.9252275277422819,0.8322960183256903,0.8000974077388097,0.7552646973253725,0.38919540048189627,-0.18231950795725038,-0.05115101801573452,-0.1411333591201278,-0.20071554238929346,0.5120270783824394
multigen,20280818,5,qualified,8,2,Frame-weighted (SE(3)),True,,0.008574049003073014,0.2167724030585246,False,False,,False,,0.9672619216912745,0.9672619216912745,0.9672619216912745,0.9672619216912745,0.9672619216912745,0.9672619216912745,0.23052488404298044,0.23052488404298044,0.23052488404298044,0.23052488404298044,0.23052488404298044,0.23052488404298044
multigen,20280818,5,qualified,8,2,Full operator (SE(3)),True,,0.0016008319944376126,0.9614608470674917,True,True,0.7102519823186919,True,0.5837878103658933,0.787352427037854,-0.4825318012793658,0.6087794325333842,0.8218618423272334,0.8578989141757587,0.8010670353684649,0.35975804000567024,-1.4578658111941158,-0.28665392390313127,-0.17846875592557454,-0.11643946821604545,0.6217401717469795
multigen,20280818,5,qualified,8,2,Pdiag pointwise (SE(3)),True,,0.021466283986228518,0.19530893701106233,True,True,0.7304224381138962,True,0.571328315078225,1.366100644224409,0.803083103529924,0.7931413908821628,0.815818031995975,0.8241686469135321,0.8251192114371316,0.5062285014957807,-0.1879229763280693,-0.24051559932192468,-0.18476931794462337,-0.17393467288865416,0.6765094787153687
multigen,20280818,5,qualified,8,2,Pdiag finite (SE(3)),True,,44.16366427000321,0.13122667446271177,True,True,0.6969204472967223,True,0.5751045341855953,0.8076808627007,0.7676703494300162,0.8270097555635282,0.8236848675113854,0.8334842943931691,0.8180884280156786,0.38109937340211875,-0.13354132327785317,-0.16319553881186843,-0.24779922372481267,-0.147679935228904,0.6081317576107605
multigen,20260818,9,qualified,15,0,Frame-weighted (SE(3)),True,,0.08147684400319122,0.21433246124685557,False,True,0.708270430502791,True,0.708270430502791,0.7309402366645888,0.7309402366645888,0.7309402366645888,0.7309402366645888,0.7309402366645888,0.7309402366645888,0.15868739878759242,0.15868739878759242,0.15868739878759242,0.15868739878759242,0.15868739878759242,0.15868739878759242
multigen,20260818,9,qualified,15,0,Full operator (SE(3)),True,,0.02250916800403502,0.12313506485702415,True,True,0.6970921956796038,True,0.578839972310583,0.6945720767278111,0.8437842185974479,0.8580239430780352,0.801429276195046,0.8389251460434481,0.8218089772691698,0.3014626695028962,-0.13748728889590722,-0.07790494511610135,-0.19673233566427006,-0.15879718254346564,0.6577933628749038
multigen,20260818,9,qualified,15,0,Pdiag pointwise (SE(3)),True,,0.11805819701112341,0.2092807010198432,True,True,0.702363201450818,True,0.5767521674107026,0.972237175064283,0.3400679590186976,0.8395312964958481,0.7685353812381182,0.843771592873754,0.8225237290892545,0.45178183728474886,-0.21043563296283596,-0.16782064832212362,-0.22783439317323018,-0.1538425675798779,0.6627722969798668
multigen,20260818,9,qualified,15,0,Pdiag finite (SE(3)),True,,567.7640926069871,0.12859371884135254,True,True,0.695010832870546,True,0.5809430774990361,0.7099790808260298,0.9438156334919597,0.8502818721977776,0.833868400706359,0.8145297756448459,0.7700544181212071,0.3418583553268946,0.004633501114004734,-0.13562664780384093,-0.11633843738037053,-0.23594535232259706,0.5498840114716477
multigen,20270818,11,qualified,15,2,Frame-weighted (SE(3)),True,,0.007888260995969176,0.2689195739697205,False,True,0.6802187222330047,True,0.6802187222330047,0.5747743274677151,0.5747743274677151,0.5747743274677151,0.5747743274677151,0.5747743274677151,0.5747743274677151,0.11235151280965155,0.11235151280965155,0.11235151280965155,0.11235151280965155,0.11235151280965155,0.11235151280965155
multigen,20270818,11,qualified,15,2,Full operator (SE(3)),True,,0.004058362988871522,0.11554618855150828,True,True,0.6886238747845882,True,0.5733985870654235,0.7766445696373119,0.7991834854080448,0.906873135525408,0.7974791622527754,0.8290314415275221,0.8173288782676945,0.38104956461962414,-0.2014112983379266,-0.17236933158315226,-0.20383042222673742,-0.17176951405250251,0.6614094380409098
multigen,20270818,11,qualified,15,2,Pdiag pointwise (SE(3)),True,,0.0209028610115638,0.20587656927401587,False,False,,True,0.5734671451214846,-0.08231587234476496,0.5993655655204291,0.940898434386685,0.7805414990330106,0.8241610263827336,0.8193076420577566,0.19944539065643052,-0.1751159606326469,-0.15325918148511064,-0.2197989043492543,-0.17821775297804965,0.6647844840305253
multigen,20270818,11,qualified,15,2,Pdiag finite (SE(3)),True,,248.92830492800567,0.11963133405809534,True,True,0.6897531861567983,True,0.5774296704612133,0.7635881191397516,0.7914194786177766,0.843583643476179,0.7951336432137964,0.8123705563099278,0.8159277326556265,0.3620974207861137,-0.14764699728168873,-0.14604374428019695,-0.17340011491559293,-0.21351899241737293,0.5938554848292249
multigen,20280818,3,qualified,8,0,Frame-weighted (SE(3)),True,,0.0045308720000321046,0.22753466360527602,False,False,,False,,0.7307275659321051,0.7307275659321051,0.7307275659321051,0.7307275659321051,0.7307275659321051,0.7307275659321051,0.0453676185930848,0.0453676185930848,0.0453676185930848,0.0453676185930848,0.0453676185930848,0.0453676185930848
multigen,20280818,3,qualified,8,0,Full operator (SE(3)),True,,0.0010153969924431294,0.9679553929535185,False,True,0.7055289816860432,True,0.585796907945773,0.21674822062616556,1.3891765984520985,-0.4869665552413094,0.8079505701586,0.8681667395709236,0.8477578140487984,-0.3258793384626956,0.3295952953649941,-1.37266950049441,-0.1924748362743468,-0.11263093907959376,0.6738900915005093
multigen,20280818,3,qualified,8,0,Pdiag pointwise (SE(3)),True,,0.01236653298838064,0.3772428353729619,False,False,,True,0.5780863842830771,-0.47764456574702163,1.2732928705260123,0.5979960472008855,0.8239318074735722,0.8412121775331404,0.8259471113323662,-0.09931526179255512,-0.008375865083806833,-0.46142573662620834,-0.1765404517676954,-0.16015086724111172,0.6645189722918957
multigen,20280818,3,qualified,8,0,Pdiag finite (SE(3)),True,,136.53086505700776,0.12990046089935287,False,True,0.7034308637310849,True,0.582758236413549,0.6747211361132014,0.9817290387391105,0.7838876912488203,0.8220751417797894,0.8230827810064296,0.851497495608306,0.18899436860718738,0.016850628036184645,-0.2301746825804304,-0.16048494204073305,-0.2149169580199548,0.615545433200022
multigen,20280818,1,random,8,1,Frame-weighted (SE(3)),True,,0.004166271013673395,0.19321107623803416,False,False,,False,,0.8024630325468541,0.8024630325468541,0.8024630325468541,0.8024630325468541,0.8024630325468541,0.8024630325468541,0.09864380318325172,0.09864380318325172,0.09864380318325172,0.09864380318325172,0.09864380318325172,0.09864380318325172
multigen,20280818,1,random,8,1,Full operator (SE(3)),True,,0.0005945899902144447,0.12792497240671927,True,True,0.6879069294819243,True,0.5729412109948259,0.7609659068375,0.6939078020092119,0.9802311853531671,0.824214711899212,0.841956066861482,0.8288134716361162,0.3567747788090637,-0.3157006398895875,0.03684123823672525,-0.17928495142196765,-0.1595689191745968,0.6795290648575496
multigen,20280818,1,random,8,1,Pdiag pointwise (SE(3)),True,,0.010286363001796417,0.12719557674737358,True,True,0.6746387979625338,True,0.5705026673882447,0.6506397833150984,0.9981482655087736,0.6269543110586643,0.8498647676376574,0.832737548223091,0.8230667838894948,0.3724326902641102,-0.12892389568994045,-0.17424191701100178,-0.15223113605674765,-0.17534156344088236,0.6782782858324563
multigen,20280818,1,random,8,1,Pdiag finite (SE(3)),True,,159.1923020760005,0.1423812145629861,True,True,0.6687927618395079,True,0.5805633843026067,0.546833966212954,1.0119226950880453,0.8540644508918163,0.8388268319100447,0.7272422721404962,0.7280117764895315,0.2599573891151344,-0.23807730010952155,-0.11351211509734482,-0.13265781923708675,-0.23970655433792432,0.45127175914739515
multigen,20280818,0,random,8,0,Frame-weighted (SE(3)),True,,0.007549515998107381,0.347935408303296,False,True,0.5959484453683015,True,0.5959484453683015,0.46054781626073243,0.46054781626073243,0.46054781626073243,0.46054781626073243,0.46054781626073243,0.46054781626073243,0.12731921423740544,0.12731921423740544,0.12731921423740544,0.12731921423740544,0.12731921423740544,0.12731921423740544
multigen,20280818,0,random,8,0,Full operator (SE(3)),True,,0.0007607669977005571,0.14495076254364608,False,True,0.6741302277792859,True,0.5756373715307707,0.7734216675098716,0.8470632243678965,1.407930651013687,0.8090766070626038,0.8096843813584682,0.819402650398332,0.38440821902872113,-0.13640401555758175,0.20174827507251325,-0.18806774123967118,-0.18488212334825704,0.665540912690745
multigen,20280818,0,random,8,0,Pdiag pointwise (SE(3)),True,,0.018647974997293204,0.2676313335111913,True,False,,True,0.5744303209077166,0.09395517356193844,0.012612249634254955,0.842494483320944,0.8017580589191311,0.8197599318667221,0.8242014928006036,0.27374188981697495,-0.36954357063121623,-0.013384413516005389,-0.19687092875536538,-0.18100184362262772,0.6718999743924876
multigen,20280818,0,random,8,0,Pdiag finite (SE(3)),True,,163.72015641699545,0.13386810135350374,True,True,0.6857936865760794,True,0.5778324433008536,0.8382669976292793,0.5837802251704427,0.8530247727586757,0.6814481897369283,0.8360754336621841,0.7223791510383357,0.4268139908996543,-0.26133914986536155,-0.037620657070547736,-0.10721888309506711,-0.1710833580283193,0.4914946600488145
multigen,20280818,4,qualified,8,1,Frame-weighted (SE(3)),True,,0.007891029003076255,0.20737579284103747,False,False,,False,,0.7960876432027391,0.7960876432027391,0.7960876432027391,0.7960876432027391,0.7960876432027391,0.7960876432027391,0.16671786691906054,0.16671786691906054,0.16671786691906054,0.16671786691906054,0.16671786691906054,0.16671786691906054
multigen,20280818,4,qualified,8,1,Full operator (SE(3)),True,,0.0009368570026708767,0.13020194549542366,True,True,0.6844788196088096,True,0.5742152456101742,0.7724408636525736,0.9140434913038845,0.6597968523452933,0.7877332366564622,0.8495312230865708,0.8118400970192574,0.39272831014979265,-0.10240498648360441,-0.3520463201829065,-0.2112323067220827,-0.1522588368265696,0.6575861516387882
multigen,20280818,4,qualified,8,1,Pdiag pointwise (SE(3)),True,,0.0208884159947047,0.2088401283989223,True,False,,True,0.5780188708154349,0.28828067558917403,1.3019080897357458,0.4624337475145637,0.7908803809464083,0.8319196961336592,0.8054574240391728,0.4263457997051382,-0.08435687235110212,-0.47153414321568554,-0.2078237699729718,-0.16915206860363563,0.6422909257302891
multigen,20280818,4,qualified,8,1,Pdiag finite (SE(3)),True,,131.72037014899252,0.1355099508986168,True,True,0.6772323593388656,True,0.5837831012336814,0.8609849405341532,0.8069122311227477,0.713420707845316,0.7906087723801093,0.8134132241523928,0.730926029704629,0.4570631516518052,-0.13830557657819886,-0.3000046708712404,-0.22435475545280903,-0.19976759308497827,0.4887293497359515
multigen,20270818,16,qualified,30,1,Frame-weighted (SE(3)),True,,0.006400787999155,0.19773684130984934,False,True,0.7123124179692104,True,0.7123124179692104,0.7614455581762738,0.7614455581762738,0.7614455581762738,0.7614455581762738,0.7614455581762738,0.7614455581762738,0.17567548449389525,0.17567548449389525,0.17567548449389525,0.17567548449389525,0.17567548449389525,0.17567548449389525
multigen,20270818,16,qualified,30,1,Full operator (SE(3)),True,,0.0035550530010368675,0.11926081437523836,True,True,0.6971979271602589,True,0.5768710779194912,0.7921490006955487,0.8307244587686244,1.0427918020810167,0.8124074561004262,0.7978651324700061,0.817493344736685,0.401064873778494,-0.15498098922677128,0.06611291071552328,-0.18895522506861084,-0.20336801274298932,0.6587903396853216
multigen,20270818,16,qualified,30,1,Pdiag pointwise (SE(3)),True,,0.014456710006925277,0.2146042779306092,True,True,0.7089125970992558,True,0.5768353572409063,1.1482585700119383,0.1788206551913504,0.9439651962596061,0.809335427543511,0.7985447555228581,0.8205737485500291,0.48667944952301645,-0.269325404067862,-0.0390663632075926,-0.1906529800162,-0.20237624525555542,0.6618238883260081
multigen,20270818,16,qualified,30,1,Pdiag finite (SE(3)),True,,222.1873761760071,0.11508933587344126,True,True,0.6956442339426144,True,0.5810575600186938,0.7894083157483167,0.8656145022342929,0.9617287835580689,0.8486196414606612,0.8064311953782313,0.7708841265244482,0.3999474713741705,-0.07365825889915756,-0.017513460107755452,-0.10411040216065004,-0.2141781037414645,0.546336206715049
multigen,20280818,6,random,15,0,Frame-weighted (SE(3)),True,,0.008228096994571388,0.29903245331042144,False,False,,False,,0.6452244520155831,0.6452244520155831,0.6452244520155831,0.6452244520155831,0.6452244520155831,0.6452244520155831,0.023077355405990985,0.023077355405990985,0.023077355405990985,0.023077355405990985,0.023077355405990985,0.023077355405990985
multigen,20280818,6,random,15,0,Full operator (SE(3)),True,,0.003915414999937639,0.20630172864297272,False,True,0.6665349046466844,True,0.5777733253201686,0.8534633647207664,1.2139163972548368,0.8422198876829406,0.8780995931297637,0.8294412294130298,0.3296577357067401,0.4604492368814927,0.20810591357603458,-0.1689916059086377,-0.12967987520855662,-0.15226928750272772,0.16863396052256127
multigen,20280818,6,random,15,0,Pdiag pointwise (SE(3)),True,,0.020631703999242745,0.5892998530270253,False,False,,True,0.5772616689589237,-0.17478434164735038,2.096042773406033,0.43508105172541783,0.8529856106761414,0.7838229494858898,0.2920775460092081,0.29822524208138357,0.24717354972626704,-0.5888445714458013,-0.15157396120014022,-0.21869678111641944,0.13210452768833683
multigen,20280818,6,random,15,0,Pdiag finite (SE(3)),True,,154.09927271099878,0.11440934674738244,True,True,0.6693141892728501,True,0.5802042232730785,0.9365865568556277,1.0264133391209924,0.698346480001396,0.7803151702688105,0.8177589919672761,0.7401633010233103,0.6118641417366851,-0.010861575178087168,-0.30514154671592675,-0.2228204617176146,-0.06860900050795848,0.5271951639114988
multigen,20270818,17,qualified,30,2,Frame-weighted (SE(3)),True,,0.01324742600263562,0.1933780978431713,False,False,,False,,0.8880908305258082,0.8880908305258082,0.8880908305258082,0.8880908305258082,0.8880908305258082,0.8880908305258082,0.18955845946155647,0.18955845946155647,0.18955845946155647,0.18955845946155647,0.18955845946155647,0.18955845946155647
multigen,20270818,17,qualified,30,2,Full operator (SE(3)),True,,0.0006271839956752956,0.11593425034348362,True,True,0.6971785268950477,True,0.5792798450158048,0.7669003059755417,0.8076624072135715,0.9067649599969032,0.8098289614571976,0.8095607649642232,0.8131297113316581,0.3619734060824999,-0.18871201973711504,-0.11002374801705761,-0.19168570884587877,-0.19027682932546353,0.650364138784014
multigen,20270818,17,qualified,30,2,Pdiag pointwise (SE(3)),True,,0.032229861011728644,0.13403652880824904,True,True,0.705060612182989,True,0.5790722889514766,0.9678263867578604,0.9700190082947272,0.9212265960484524,0.8057110596277479,0.8058224946565066,0.8148556547830141,0.38264635117533574,-0.11217051306246317,-0.1140393914537653,-0.19417471135148578,-0.1941685399060339,0.6524136226687652
multigen,20270818,17,qualified,30,2,Pdiag finite (SE(3)),True,,289.9065340709931,0.12369599187383495,True,True,0.6962083626850997,True,0.5843946651317807,0.7364232915607937,0.8270981040152892,0.9338688152733972,0.8405864693683699,0.816182252054599,0.7554604790556639,0.33674634221296457,-0.13704604507865736,-0.050722898981752085,-0.12012421996735956,-0.20181406472745433,0.5156690791530765
multigen,20280818,7,random,15,1,Frame-weighted (SE(3)),True,,0.005332398999598809,0.3804295837717919,False,True,0.6810944171669655,True,0.6810944171669655,0.4337396758809312,0.4337396758809312,0.4337396758809312,0.4337396758809312,0.4337396758809312,0.4337396758809312,-0.03770704996504565,-0.03770704996504565,-0.03770704996504565,-0.03770704996504565,-0.03770704996504565,-0.03770704996504565
multigen,20280818,7,random,15,1,Full operator (SE(3)),True,,0.0008177069976227358,0.3021261087724453,False,True,0.6964320719619825,True,0.5769394338743106,0.8289768397796936,0.6344440911485454,0.5688609891510101,0.9082907867844515,0.8056639293559684,0.33644039660083075,0.41397330556864037,-0.37633080598486734,-0.39783094193878077,-0.09419943209391757,-0.1897054727863331,0.17500439940234072
multigen,20280818,7,random,15,1,Pdiag pointwise (SE(3)),True,,0.012237760005518794,0.5296208318232165,False,True,0.6947181851606912,True,0.5754585194864456,0.7852773150921262,-0.18601641213866413,0.5604074181977533,0.9144877369669766,0.7991983005404468,0.2467995463094814,0.3992514440211419,-0.14027343315957863,-0.4372444723950265,-0.09096681803245854,-0.19647195239192117,0.08832510211913502
multigen,20280818,7,random,15,1,Pdiag finite (SE(3)),True,,152.67166700400412,0.12198399833486163,True,True,0.6963896725059795,True,0.5780142292783884,0.8213013384835641,0.9967222718783652,0.7886213554822835,0.8328688473596151,0.8454034284335709,0.7555251417608637,0.3841769979001989,0.08382260073246062,-0.201284730522036,-0.1341658651954344,-0.13885743635034709,0.5501346492245843
multigen,20280818,2,random,8,2,Frame-weighted (SE(3)),True,,0.004140374992857687,0.4138496581268335,False,True,0.5745262262133656,True,0.5745262262133656,0.40995810894412726,0.40995810894412726,0.40995810894412726,0.40995810894412726,0.40995810894412726,0.40995810894412726,0.17779373073215118,0.17779373073215118,0.17779373073215118,0.17779373073215118,0.17779373073215118,0.17779373073215118
multigen,20280818,2,random,8,2,Full operator (SE(3)),True,,0.0015546669892501086,0.20337729367367144,True,True,0.6874495742001857,True,0.5770163726844905,0.8947586002932835,0.8241247332746572,0.21321584979832217,0.7661635810922999,0.8005985815151311,0.8408869389755879,0.49739850234899247,-0.150669364735607,-0.6478930201886419,-0.23220869493026275,-0.20419963885618375,0.6757786733950037
multigen,20280818,2,random,8,2,Pdiag pointwise (SE(3)),True,,0.010262152005452663,0.5263206978197439,True,False,,True,0.5805701850322279,-0.5897181087432809,-0.0943815285194009,0.5545674010235327,0.804827227838543,0.8277213417012673,0.8361030398783202,0.23021725983611652,-0.25541895336721376,-0.2352268938183638,-0.19418256189632377,-0.17680851346013193,0.668115567091664
multigen,20280818,2,random,8,2,Pdiag finite (SE(3)),True,,266.9740809609939,0.11206344519287069,True,True,0.6857717916952635,True,0.5842701453244065,0.8350940112543391,0.8026131339856338,0.8576114067164046,0.8292629444404166,0.8191363895206227,0.807342019470934,0.4767432820217471,-0.10749703152130674,-0.1681318007189988,-0.13217567305297218,-0.22979414924632113,0.5851220036323455
multigen,20270818,14,random,30,2,Frame-weighted (SE(3)),True,,0.00431931100320071,0.2195355432489661,False,True,0.6933847342802366,True,0.6933847342802366,0.7048385392071722,0.7048385392071722,0.7048385392071722,0.7048385392071722,0.7048385392071722,0.7048385392071722,0.19421609284878005,0.19421609284878005,0.19421609284878005,0.19421609284878005,0.19421609284878005,0.19421609284878005
multigen,20270818,14,random,30,2,Full operator (SE(3)),True,,0.0007649539911653847,0.10789564046301547,True,True,0.697624131528068,True,0.5752358975141585,0.8064606668957122,0.8218445503884646,0.9059857269887667,0.8090057465980416,0.8227775403877118,0.8196792509801134,0.4128580744190356,-0.17478803993687508,-0.07206700238111319,-0.19016057407684772,-0.18074643545838476,0.6642496224277998
multigen,20270818,14,random,30,2,Pdiag pointwise (SE(3)),True,,0.010515817994019017,0.170427490747964,True,True,0.6907107077094131,True,0.5763768860788537,0.6322766272464956,0.20719069154126096,0.9202557163009757,0.8043085855586738,0.8215772798309326,0.8230397148589238,0.37905412890643686,-0.29259422898427995,-0.0727127349923321,-0.19545449458299724,-0.18004416663588074,0.6652119398972828
multigen,20270818,14,random,30,2,Pdiag finite (SE(3)),True,,325.41748972199275,0.11446177126528889,True,True,0.6936202542186745,True,0.5805767459396749,0.7883250913889053,0.7788733296509828,0.9525992881799997,0.8387451069811606,0.8230478833446747,0.7822904569594235,0.4249575228305649,-0.25004243725495023,-0.027556286842677524,-0.14852186571647774,-0.18555384574193334,0.5500231096574068
multigen,20260818,13,random,30,1,Frame-weighted (SE(3)),True,,0.007788145012455061,0.28470252591750705,False,True,0.6332044666155341,True,0.6332044666155341,0.5708807620241284,0.5708807620241284,0.5708807620241284,0.5708807620241284,0.5708807620241284,0.5708807620241284,0.1403720471683676,0.1403720471683676,0.1403720471683676,0.1403720471683676,0.1403720471683676,0.1403720471683676
multigen,20260818,13,random,30,1,Full operator (SE(3)),True,,0.013685652011190541,0.12112500346295,True,True,0.6983459033546835,True,0.5774909270517841,0.8451272608256961,0.7374890093444609,0.9379734441088164,0.8177529396448407,0.8132672810166887,0.8173817274617445,0.436994503846421,-0.2653000845175407,-0.06792710966140858,-0.1838481536994473,-0.18413624866774592,0.6593856856623972
multigen,20260818,13,random,30,1,Pdiag pointwise (SE(3)),True,,0.024892585002817214,0.27058464463585585,True,True,0.6631602049734109,True,0.5773408870132906,0.28933332089623165,-0.05311321237542131,0.8898481568468882,0.8146412127624862,0.8164926597201506,0.81682360871049,0.2813480281823432,-0.3716040248061362,-0.12258214596477723,-0.1857854992795791,-0.18327356961272867,0.6591309957803402
multigen,20260818,13,random,30,1,Pdiag finite (SE(3)),True,,738.6375198080059,0.124509402140997,True,True,0.698559836289719,True,0.5814156245035677,0.8044456264223534,0.765135823756261,0.8735558062857447,0.8101164505239283,0.8063736147179337,0.7723347805135926,0.37899345784161603,-0.21430118382453944,-0.1108738912554098,-0.16871002337718843,-0.19472592889070195,0.5486502543196934
multigen,20280818,11,qualified,15,2,Frame-weighted (SE(3)),True,,0.008615674989414401,0.2830741868902427,False,True,0.6796181592711843,True,0.6796181592711843,0.5493784499591854,0.5493784499591854,0.5493784499591854,0.5493784499591854,0.5493784499591854,0.5493784499591854,0.08486292867755407,0.08486292867755407,0.08486292867755407,0.08486292867755407,0.08486292867755407,0.08486292867755407
multigen,20280818,11,qualified,15,2,Full operator (SE(3)),True,,0.0011164280003868043,0.10980218341006245,True,True,0.6885895168002538,True,0.5740475247140991,0.8268156841963555,0.7518838217090488,0.9641269256868756,0.8089454707019896,0.8238686110991906,0.8222980724626475,0.4321195308898861,-0.25154261090113283,-0.12307035211977335,-0.19131515887278283,-0.17531382434688747,0.6691425973298564
multigen,20280818,11,qualified,15,2,Pdiag pointwise (SE(3)),True,,0.02126657399639953,0.21668040731648014,False,False,,True,0.5737359432736543,-0.09872695175466394,0.4998826615243965,0.9202849184170959,0.8036149671256753,0.8243402823527488,0.8233072578874605,0.18388918366136203,-0.2865315021165606,-0.17748076966007587,-0.195655758188783,-0.17575203124179728,0.6707516316654699
multigen,20280818,11,qualified,15,2,Pdiag finite (SE(3)),True,,138.75825628500024,0.12869102414782996,True,True,0.6897620681222475,True,0.5778951352606666,0.7761352229198105,0.6785161786453693,0.8193946814255674,0.7938591316475057,0.8303596113057127,0.8016742631582546,0.37536567034938856,-0.2728540049890451,-0.17361431493195056,-0.1744781130340779,-0.1959701851716641,0.579102128442269
multigen,20270818,13,random,30,1,Frame-weighted (SE(3)),True,,0.004488931008381769,0.2747683241645314,False,True,0.6331228761438483,True,0.6331228761438483,0.5758444389959684,0.5758444389959684,0.5758444389959684,0.5758444389959684,0.5758444389959684,0.5758444389959684,0.14762635537256658,0.14762635537256658,0.14762635537256658,0.14762635537256658,0.14762635537256658,0.14762635537256658
multigen,20270818,13,random,30,1,Full operator (SE(3)),True,,0.0005607329949270934,0.10820012918689857,True,True,0.6984719036812502,True,0.577107507078614,0.8338912189382758,0.8258745620577471,0.888969160231833,0.8073116831111838,0.8182882677114847,0.8200359158143867,0.4292690639991097,-0.16695910276792103,-0.11089022471058729,-0.19293563341528397,-0.1804232012775031,0.6612965289967908
multigen,20270818,13,random,30,1,Pdiag pointwise (SE(3)),True,,0.01124128999072127,0.24444370164292356,True,True,0.6629013583649584,True,0.5770205328082031,0.29602225276573846,-0.009323129398637239,0.865141372036286,0.8036104731967915,0.8201328649444144,0.8196488315857872,0.2915116720768785,-0.3222893672971285,-0.14253899087332111,-0.1956098812114091,-0.18063132611429666,0.6610601778921363
multigen,20270818,13,random,30,1,Pdiag finite (SE(3)),True,,382.70318223698996,0.11499753937451686,True,True,0.6983491103925414,True,0.5809669569066116,0.8082489742172136,0.8193799179309518,0.9094859002037948,0.832186626866103,0.8069888004578519,0.7794236062996941,0.3867855518215584,-0.15118934132865658,-0.0708596395447586,-0.1400231068465877,-0.19340602018044162,0.5551034711605047
multigen,20270818,15,qualified,30,0,Frame-weighted (SE(3)),True,,0.004926448003971018,0.225006513927324,False,True,0.6957930022205715,True,0.6957930022205715,0.680319026170122,0.680319026170122,0.680319026170122,0.680319026170122,0.680319026170122,0.680319026170122,0.16191411654063415,0.16191411654063415,0.16191411654063415,0.16191411654063415,0.16191411654063415,0.16191411654063415
multigen,20270818,15,qualified,30,0,Full operator (SE(3)),True,,0.0019731819920707494,0.1077471904125413,True,True,0.6965161253812857,True,0.5740410910743637,0.8185491294254903,0.8255191001801703,0.8743271948042992,0.8084978251232144,0.8219852451080353,0.8187983299546314,0.42514537132659946,-0.16066461057110204,-0.07049813953063466,-0.18994349570233005,-0.1797381022941008,0.6671289148276499
multigen,20270818,15,qualified,30,0,Pdiag pointwise (SE(3)),True,,0.012966951006092131,0.1508013038574469,True,True,0.6829636505904048,True,0.5742493755840474,0.5043295160139549,0.3430612735177987,0.905143345144396,0.8026067504828436,0.8229560620825179,0.821232895887706,0.36668817368674356,-0.2538721895812087,-0.12427456144672422,-0.1968192709525758,-0.1792351279965746,0.6690941911395497
multigen,20270818,15,qualified,30,0,Pdiag finite (SE(3)),True,,369.7911661090038,0.11052967800992562,True,True,0.6958430937356752,True,0.5777318485500929,0.8155794860440531,0.8304488734624309,0.9416626021610065,0.8517301622242774,0.8166507756662985,0.7950630555432329,0.4270104696643053,-0.15637668661932902,-0.037575489597010625,-0.14778025872287037,-0.17712943666872216,0.5797119459132447
multigen,20280818,10,qualified,15,1,Frame-weighted (SE(3)),True,,0.0042340949876233935,0.23755034708953032,False,True,0.700252283523226,True,0.700252283523226,0.6513625474622544,0.6513625474622544,0.6513625474622544,0.6513625474622544,0.6513625474622544,0.6513625474622544,0.11622588878789186,0.11622588878789186,0.11622588878789186,0.11622588878789186,0.11622588878789186,0.11622588878789186
multigen,20280818,10,qualified,15,1,Full operator (SE(3)),True,,0.0007398419984383509,0.11012559873901533,True,True,0.6961720491136422,True,0.5750158246277691,0.874667535476599,0.8406725606875353,0.808289129595298,0.808114260050956,0.8208966380319631,0.8068695752278972,0.4948069716537494,-0.17199576591344978,-0.23015673502542267,-0.19100810915761934,-0.17921682399880012,0.6519954800313885
multigen,20280818,10,qualified,15,1,Pdiag pointwise (SE(3)),True,,0.010888431002967991,0.16223746914089004,True,True,0.6891417154718803,True,0.5752597700261332,0.6024446340492514,0.40825370155574237,0.6577624811145103,0.7976648133054656,0.8207642163919922,0.8093256487930849,0.36993267329699203,-0.23744243703019885,-0.3488932803321335,-0.20157697328796575,-0.1787980523102235,0.6533659840474235
multigen,20280818,10,qualified,15,1,Pdiag finite (SE(3)),True,,171.98542829300277,0.12422858266746582,True,True,0.6969433666971426,True,0.580133415458869,0.7801227088884262,0.7897445996532692,0.7541388353745098,0.795285203712412,0.7582060827475514,0.756782881929807,0.42419869854702086,-0.239914151219229,-0.25635824007740826,-0.19841945214269052,-0.17926959305624057,0.523508077449774
multigen,20280818,8,random,15,2,Frame-weighted (SE(3)),True,,0.007564382001874037,0.18866979705403092,False,False,,False,,0.8467995456606267,0.8467995456606267,0.8467995456606267,0.8467995456606267,0.8467995456606267,0.8467995456606267,0.11150937694295582,0.11150937694295582,0.11150937694295582,0.11150937694295582,0.11150937694295582,0.11150937694295582
multigen,20280818,8,random,15,2,Full operator (SE(3)),True,,0.0007838250021450222,0.11504446777142863,True,True,0.6973618387327485,True,0.5760590888278553,0.8247760913603511,0.7889142187410207,0.7938735395415735,0.8370771366800612,0.8185762751442383,0.8175257497854203,0.4360417723294021,-0.21691377936679768,-0.24036201870163998,-0.1629879592687592,-0.18150022845959435,0.6613317164078226
multigen,20280818,8,random,15,2,Pdiag pointwise (SE(3)),True,,0.0181660429952899,0.19051183214152656,True,True,0.7218799341819058,True,0.5725312516724398,1.4457883190174494,0.643505767751386,0.7550993491006304,0.8341676076742511,0.8206267257034088,0.8215939779062775,0.6246963060185761,-0.21775682965415344,-0.2574456275128669,-0.16561264310946755,-0.1791544885369214,0.6722466377150913
multigen,20280818,8,random,15,2,Pdiag finite (SE(3)),True,,215.81880037700466,0.12360951959990787,True,True,0.7036275063831077,True,0.576508150148602,0.832567423551889,0.7915365480359298,0.806032122865911,0.8408955194294154,0.8024590834674409,0.7677601774019882,0.37472679023046074,-0.2193671157840369,-0.17510999687148188,-0.152047243970167,-0.18998906933534765,0.5638491188640586
multigen,20260818,2,random,8,2,Frame-weighted (SE(3)),True,,0.057518244997481816,0.41138916741879444,False,True,0.5768883509433007,True,0.5768883509433007,0.41159305625404824,0.41159305625404824,0.41159305625404824,0.41159305625404824,0.41159305625404824,0.41159305625404824,0.17471315296932569,0.17471315296932569,0.17471315296932569,0.17471315296932569,0.17471315296932569,0.17471315296932569
multigen,20260818,2,random,8,2,Full operator (SE(3)),True,,0.05535455599601846,0.1316125169210166,True,True,0.6871639938732732,True,0.5849186612886883,0.8020318347516807,0.8764534707618035,0.4979011221493671,0.8482122956499646,0.8265087402604867,0.8468481488876273,0.40342666923713333,-0.13717501089270945,-0.32720481845299076,-0.14597227285736647,-0.1828900813641352,0.6701147885025847
multigen,20260818,2,random,8,2,Pdiag pointwise (SE(3)),True,,0.15407576599682216,0.5402915267356161,False,False,,True,0.5824203426568223,-0.6340862492120825,-0.1723778714912559,0.69689646413283,0.8137801518522838,0.8195327336755995,0.8276706634710181,0.18844897758474022,-0.3833931654501117,-0.09472076544974228,-0.1871378136107913,-0.18519099749972878,0.6570358169232805
multigen,20260818,2,random,8,2,Pdiag finite (SE(3)),True,,784.0478995590092,0.12273733293987879,True,True,0.6848535207355719,True,0.5863625726192867,0.7919940424484276,0.7129024521942724,0.9158837424259432,0.8259736055474631,0.8063241790694241,0.7870482196618059,0.43243170496332956,-0.23910530981179556,-0.11232123882047818,-0.13307114822839727,-0.24693219875361205,0.5625160444859971
multigen,20280818,9,qualified,15,0,Frame-weighted (SE(3)),True,,0.003998272004537284,0.2298839297109996,False,True,0.7111396478054505,True,0.7111396478054505,0.6787093082350987,0.6787093082350987,0.6787093082350987,0.6787093082350987,0.6787093082350987,0.6787093082350987,0.10206060297539032,0.10206060297539032,0.10206060297539032,0.10206060297539032,0.10206060297539032,0.10206060297539032
multigen,20280818,9,qualified,15,0,Full operator (SE(3)),True,,0.0007540020014857873,0.1314753829549905,True,True,0.6987616000358828,True,0.5801104273671984,0.6870875163084464,0.8613971738285393,0.6625047261239938,0.8375625784977255,0.8171974232630299,0.8179265515965644,0.291383627011922,-0.13766237878216647,-0.26129461376868945,-0.16138411409200626,-0.180181746126157,0.6521128304023407
multigen,20280818,9,qualified,15,0,Pdiag pointwise (SE(3)),True,,0.010525816003791988,0.2218553993549715,True,True,0.7040398132907961,True,0.5783847535414726,0.956033679671219,0.3467763100087179,0.5138193612050593,0.8508817449874758,0.8218015102475197,0.8156833831695957,0.4351549218303421,-0.2252145215617476,-0.48269879425991247,-0.14838468171478447,-0.17543127224240473,0.6528867912167061
multigen,20280818,9,qualified,15,0,Pdiag finite (SE(3)),True,,231.32291363099648,0.1284302075028063,True,True,0.6972505336625046,True,0.5826151836736527,0.7149871391331548,0.9206762962515177,0.7432667266112708,0.843589937599298,0.8190468832620481,0.7842726435440583,0.3490294173600419,-0.042199510925300054,-0.23409829301668472,-0.10550227579175331,-0.23003926683374476,0.5589173200741149
multigen,20280818,17,qualified,30,2,Frame-weighted (SE(3)),True,,0.008383962005609646,0.19102685106143952,False,False,,False,,0.8833769800936431,0.8833769800936431,0.8833769800936431,0.8833769800936431,0.8833769800936431,0.8833769800936431,0.18309106254340368,0.18309106254340368,0.18309106254340368,0.18309106254340368,0.18309106254340368,0.18309106254340368
multigen,20280818,17,qualified,30,2,Full operator (SE(3)),True,,0.003648871002951637,0.10890719618954367,True,True,0.6968657377463361,True,0.5791388552165335,0.779018903930818,0.8423553527085024,0.875546039099209,0.8228724075288689,0.8206287094747243,0.8140290136546323,0.37128225849448976,-0.1577572259650979,-0.14183257917858427,-0.1765064822389898,-0.1788185522056852,0.6498921097921453
multigen,20280818,17,qualified,30,2,Pdiag pointwise (SE(3)),True,,0.020346860008430667,0.13024433878059802,True,True,0.7049400323874704,True,0.578901472403442,0.9975173865474511,0.9807256313987134,0.8310288901108617,0.8241618935831092,0.8221109707543279,0.8167349917059157,0.40913021792138615,-0.10301617771652727,-0.20757453233191547,-0.1746324425334388,-0.17713686405553508,0.6526580923308338
multigen,20280818,17,qualified,30,2,Pdiag finite (SE(3)),True,,128.83261473399762,0.11893561561640198,True,True,0.6958411162269383,True,0.5842851640138392,0.7757317941462116,0.8288600466383135,0.8528270054115478,0.825475307897278,0.8246973923712895,0.7572969339733753,0.3739072265511091,-0.13602073962164452,-0.13506154492040268,-0.1457970979425749,-0.19576440436821496,0.5141811800409245
multigen,20280818,14,random,30,2,Frame-weighted (SE(3)),True,,0.008002465998288244,0.2299439139670944,False,True,0.6944560962365464,True,0.6944560962365464,0.6878183555608941,0.6878183555608941,0.6878183555608941,0.6878183555608941,0.6878183555608941,0.6878183555608941,0.174758851642824,0.174758851642824,0.174758851642824,0.174758851642824,0.174758851642824,0.174758851642824
multigen,20280818,14,random,30,2,Full operator (SE(3)),True,,0.0008754579903325066,0.1350422901132647,True,True,0.6980508400020781,True,0.5755730022343327,0.8460344564162037,0.9622051937303755,0.6047252562485852,0.8145667192319317,0.822375110731588,0.8255972103435085,0.4465266033584988,-0.03427434174590216,-0.36477330040924727,-0.18492789158322565,-0.18006451782950972,0.6683451335377851
multigen,20280818,14,random,30,2,Pdiag pointwise (SE(3)),True,,0.019503269999404438,0.18115906489207026,True,True,0.6909660659420059,True,0.5767820985647514,0.6676513381858876,0.2919364406159227,0.679688137682773,0.8152735574551442,0.8211193883988628,0.8278414287448765,0.409698284985365,-0.21264874848669746,-0.31487077479064096,-0.18384391043325277,-0.18029049811562392,0.6682406569585437
multigen,20280818,14,random,30,2,Pdiag finite (SE(3)),True,,223.03334130099392,0.11184387359520197,True,True,0.6939348606355463,True,0.5810300983119518,0.830446196946844,0.8627158037423608,0.828710081475672,0.8380114841778866,0.8308972278132504,0.7913026858038861,0.46500390360794297,-0.1711376081580085,-0.15277970333823865,-0.14760011625272607,-0.1781831757727773,0.5583271420160797
multigen,20280818,12,random,30,0,Frame-weighted (SE(3)),True,,0.004915883007925004,0.2203968826214279,False,True,0.7079452658194605,True,0.7079452658194605,0.7483644547753064,0.7483644547753064,0.7483644547753064,0.7483644547753064,0.7483644547753064,0.7483644547753064,0.16926167253308666,0.16926167253308666,0.16926167253308666,0.16926167253308666,0.16926167253308666,0.16926167253308666
multigen,20280818,12,random,30,0,Full operator (SE(3)),True,,0.0007431510020978749,0.12244361286410822,True,True,0.6993449076986221,True,0.5760219422195597,0.783778725760225,0.8301054818565942,0.713021769013282,0.8108546284097123,0.8246027195544626,0.8194496472898998,0.378819982382093,-0.1772958315869685,-0.24210741276560543,-0.18861167431211778,-0.17166709267283564,0.6616864002900252
multigen,20280818,12,random,30,0,Pdiag pointwise (SE(3)),True,,0.011126167009933852,0.16390334438219886,True,True,0.7012584539904799,True,0.5757246798903553,0.8745555870184397,0.4409120468099779,0.660544889857324,0.8209596934683596,0.8237123323275984,0.8193946537150276,0.3995064107518516,-0.23664922476057165,-0.3120577255757414,-0.17823697456757093,-0.1735342391028386,0.6622830455846254
multigen,20280818,12,random,30,0,Pdiag finite (SE(3)),True,,245.4389280930045,0.12294939600945168,True,True,0.6970781681957204,True,0.5813140674859973,0.780470552337102,0.8377794983905962,0.802764631422423,0.8307886875661765,0.809900375605141,0.7645204249174513,0.3979746032599802,-0.14479595914926358,-0.16957807365990818,-0.14064019484107815,-0.1917203631423976,0.5209853788464308
multigen,20280818,13,random,30,1,Frame-weighted (SE(3)),True,,0.0046592150029027835,0.3329046093491209,False,True,0.6386586576568414,True,0.6386586576568414,0.48787953592345007,0.48787953592345007,0.48787953592345007,0.48787953592345007,0.48787953592345007,0.48787953592345007,0.056780693990874875,0.056780693990874875,0.056780693990874875,0.056780693990874875,0.056780693990874875,0.056780693990874875
multigen,20280818,13,random,30,1,Full operator (SE(3)),True,,0.000608792994171381,0.15597547010257604,True,True,0.6992525340320838,True,0.5770642387211383,0.8833512849136358,0.9838488724055958,0.7490837147151014,0.833447355044406,0.8185944839444175,0.4823450834548566,0.47075207729352153,-0.016603780235247667,-0.2549657622419169,-0.1678084176554958,-0.17873589813317092,0.3219024437595034
multigen,20280818,13,random,30,1,Pdiag pointwise (SE(3)),True,,0.011258593003731221,0.29017811138554755,True,True,0.6668236797732009,True,0.5768830568531802,0.29865714852470293,0.20213227430271524,0.6325656680187829,0.838609732439466,0.8192876962574676,0.5333227345200257,0.28778908608171705,-0.11302281384738888,-0.3790918709888401,-0.16315092441226076,-0.17983698649785995,0.3733046966742092
multigen,20280818,13,random,30,1,Pdiag finite (SE(3)),True,,262.80974921600136,0.11744481018451979,True,True,0.6991603664494838,True,0.5803941897828391,0.8301174598122967,0.9775229546515786,0.778512839137681,0.8194362473597225,0.8239085177251286,0.7566408571091959,0.4007937991253671,0.004711151805059988,-0.20572049536301973,-0.15396698962563837,-0.17620219924088554,0.5313953179496043
multigen,20280818,16,qualified,30,1,Frame-weighted (SE(3)),True,,0.010108597998623736,0.21111917229858634,False,True,0.7147139504320799,True,0.7147139504320799,0.7302211324529979,0.7302211324529979,0.7302211324529979,0.7302211324529979,0.7302211324529979,0.7302211324529979,0.14008859167804222,0.14008859167804222,0.14008859167804222,0.14008859167804222,0.14008859167804222,0.14008859167804222
multigen,20280818,16,qualified,30,1,Full operator (SE(3)),True,,0.0008034149941522628,0.12184722741808628,True,True,0.697676226301897,True,0.5769758260117649,0.8080299263815699,0.8525009797648991,0.7185605494870501,0.8197930793160695,0.8263929462177023,0.818931037937135,0.4123154575224693,-0.1474274936896478,-0.2529485778839782,-0.1813412473768301,-0.17374525367564708,0.6585969869242116
multigen,20280818,16,qualified,30,1,Pdiag pointwise (SE(3)),True,,0.02034339999954682,0.23119912931819,True,True,0.709591885756403,True,0.5768201441880945,1.1506786256876453,0.21208599222019475,0.6841896466201967,0.8237444942872543,0.8262582150517482,0.8214505914416069,0.4842592178818985,-0.24661390248453563,-0.30485090845307894,-0.17648206664140575,-0.17344849403960694,0.6615914606854525
multigen,20280818,16,qualified,30,1,Pdiag finite (SE(3)),True,,210.7994713549997,0.11756246958231206,True,True,0.6957005918680471,True,0.5811359720045103,0.7949487927609907,0.8741866555498968,0.8528361763287847,0.8394014775357336,0.8230088478050395,0.7779084179097597,0.4017963217570044,-0.08101949936005681,-0.1308667026413639,-0.12097072229575712,-0.198784341950055,0.5518379964828366
multigen,20280818,15,qualified,30,0,Frame-weighted (SE(3)),True,,0.0046202969970181584,0.27133275509571453,False,True,0.6977009674732684,True,0.6977009674732684,0.589621961627236,0.589621961627236,0.589621961627236,0.589621961627236,0.589621961627236,0.589621961627236,0.06552284920403895,0.06552284920403895,0.06552284920403895,0.06552284920403895,0.06552284920403895,0.06552284920403895
multigen,20280818,15,qualified,30,0,Full operator (SE(3)),True,,0.0018542239995440468,0.20619542316764586,True,True,0.6972918112644853,True,0.5740603736833322,0.8677545597256597,1.0475177254219645,0.578631123217565,0.8274011675521309,0.8193035848026428,0.36858593717874966,0.4647624077528123,0.04159928584621819,-0.366648539644013,-0.174868364377613,-0.18230693709936852,0.21536221709818182
multigen,20280818,15,qualified,30,0,Pdiag pointwise (SE(3)),True,,0.01099207099468913,0.2039751937177118,True,True,0.683770304540977,True,0.5741508883428622,0.5293521050930783,0.5043910990876033,0.6764703818000232,0.8372634417020492,0.8102905338052071,0.49301811928368616,0.38404530483305355,-0.10633681274000772,-0.3590617700555515,-0.16531358096870696,-0.19174699046558308,0.3397400173425683
multigen,20280818,15,qualified,30,0,Pdiag finite (SE(3)),True,,242.72859161200176,0.11367639903560613,True,True,0.6965277607263383,True,0.5774125341337047,0.8621106203560569,0.9359404487545985,0.7669958463430452,0.8253277114589058,0.8308787911140505,0.7601146040425536,0.4738811012824819,-0.06769187946657629,-0.2156564356349716,-0.1787342943988769,-0.16092595840603896,0.5414652359110197
