episode,generator,steps,states,success,max_contact_force_N,contact_frames,final_dist_m,final_yaw_err_rad,socket_drift_m,solver_error,dx,dy,dyaw
episode_0,yaw,288,289,False,79.34906208349177,19,0.041852861642837524,0.0008525252342224121,0.0,,0.0,0.0,-0.5235987755982988
episode_1,yaw,299,300,False,77.0548274874684,21,0.04125053808093071,0.009851694107055664,0.0,,0.0,0.0,-0.2617993877991494
episode_2,yaw,440,441,True,76.18251697796653,1,0.00014622056914959103,0.00014684264897368848,0.0,,0.0,0.0,0.0
episode_3,yaw,422,423,True,39.700592041015625,5,0.0008492605993524194,0.003594011068344116,0.0,,0.0,0.0,0.2617993877991494
episode_4,yaw,292,293,True,2.6049872126399825,5,0.0015626180684193969,0.003348827362060547,0.0,,0.0,0.0,0.5235987755982988
episode_5,translation,412,413,True,37.809818267822266,5,0.0007273778901435435,0.0034529422409832478,0.0,,-0.015,0.0,0.0
episode_6,translation,434,435,True,3.396301856536563,14,0.001660955953411758,0.004832074046134949,0.0,,0.015,0.0,0.0
episode_7,translation,283,284,False,91.89543378864184,20,0.03963914141058922,0.011231961660087109,0.0,,0.0,-0.015,0.0
episode_8,translation,441,442,True,83.57273727605838,15,0.0018617521272972226,0.0019900621846318245,0.0,,0.0,0.015,0.0
episode_9,translation,156,157,False,0.6855454444885254,1,0.3288384675979614,0.03048114664852619,0.0,RuntimeError('motion planning failed'),0.0,0.0,0.0
episode_10,mixed,299,300,False,78.91386011941714,20,0.042541395872831345,0.0008355975151062012,0.0,,0.0032870804957149027,-0.0055251188696671125,-0.48069140166842056
episode_11,mixed,274,275,False,68.70616645192781,19,0.03211039677262306,0.0016668736934661865,0.0,,-0.011603336747315302,0.0075184857408065395,0.4322366297679682
episode_12,mixed,156,157,False,35.02289429103204,1,0.3695467412471771,0.3105974793434143,0.0,RuntimeError('motion planning failed'),0.002559258618412316,0.005507917463615963,0.045683984233563346
episode_13,mixed,297,298,False,68.92052763588612,19,0.04105367884039879,0.00011259317398071289,0.0,,0.010441738170906437,0.007580485298916771,-0.5207310249261683
episode_14,mixed,298,299,True,76.23641181489815,21,0.008594715036451817,6.337463855743408e-05,0.0,,0.008577702638101665,-0.011193946192668856,0.24049462112039888
episode_15,mixed,253,254,False,71.22763707097056,18,0.039114728569984436,0.035472624003887177,0.0,,-0.007784265105538584,0.008716294136397278,0.04341808831447158
episode_16,mixed,285,286,False,87.94880284757924,20,0.041947245597839355,0.0009927749633789062,0.0,,-0.004806914627102765,-0.001855506691256198,-0.49394248532407703
episode_17,mixed,291,292,True,72.32715459778154,19,0.0022031529806554317,0.001611664891242981,0.0,,-0.009017201364010467,0.004094985952647127,0.154136496082378
episode_18,mixed,368,369,True,2.4230863149943342,4,0.001073708408512175,0.0019788742065429688,0.0,,0.002769242675550093,-0.0027917386977147976,0.5206770271890794
episode_19,mixed,272,273,False,85.35974657025666,19,0.03770415484905243,0.004718780517578125,0.0,,0.011540048130629522,0.004453007627536674,0.15756058566246955
episode_20,mixed,295,296,False,85.3499731514395,20,0.041065264493227005,0.0036246180534362793,0.0,,0.004522721533702562,-0.0026658858245015085,-0.3821260463636109
episode_21,mixed,306,307,False,70.88131526602473,20,0.04005357250571251,0.004966855049133301,0.0,,0.00531572016465796,0.0006085037394174212,-0.19871424323432085
episode_22,mixed,263,264,True,70.74360286757401,19,0.007990377023816109,0.00010767579078674316,0.0,,-0.00033995138803706235,0.009347708024376008,0.454529307022146
episode_23,mixed,262,263,False,91.09191400448141,18,0.039200589060783386,0.0008946806192398071,0.0,,-0.0034129152789823154,0.001716715937514263,-0.18653793745843217
episode_24,mixed,493,494,False,85.38403849512991,1,0.5573226809501648,1.3733057975769043,0.0,,0.0022632007247927223,-0.0038901305878288016,-0.11349631724314929
episode_25,mixed,281,282,False,46.34403190927162,19,0.03179758042097092,0.011861301958560944,0.0,,0.009366584448115015,-0.006548217755198887,0.1290012762541246
episode_26,mixed,289,290,True,40.70461378106531,9,0.0017063396517187357,0.0012038350105285645,0.0,,-0.009983631754022764,0.007983459543681546,0.3006486445548371
episode_27,mixed,298,299,False,83.98091005298666,20,0.04261886700987816,0.0012580454349517822,0.0,,-0.006255133368169148,0.009035621539456893,-0.4622664729719022
episode_28,mixed,260,261,False,86.0634233924512,18,0.0389326736330986,0.001495078206062317,0.0,,-0.003933190546904152,-0.008393292794523863,-0.05200449363573878
episode_29,mixed,292,293,False,83.75587421899664,20,0.041070010513067245,0.00015550851821899414,0.0,,0.007111782486895063,-0.006464586984150061,-0.4691221965135881
episode_30,mixed,279,280,False,88.65795718711703,19,0.039582815021276474,0.0011842846870422363,0.0,,-0.009175805224714952,0.011692381003064328,-0.14812410268674214
episode_31,mixed,305,306,False,81.70911035591821,21,0.04175972193479538,0.005136817693710327,0.0,,0.010160225662338367,-0.0039455348329783535,-0.39580824124221714
episode_32,mixed,430,431,True,72.46259419597976,5,0.0017075961222872138,0.002870321273803711,0.0,,0.011520420216921262,-0.007955605249217547,-0.28363976125017154
episode_33,mixed,229,230,False,0.0,0,0.3660110831260681,0.8609880805015564,0.0,,-0.0076841414293500375,0.00926455724475729,-0.2684164748241625
episode_34,mixed,424,425,True,3.595342709385072,14,0.0015587081434205174,0.006264001131057739,0.0,,0.0020275988295592826,0.01043624207624265,-0.4279760345345346
episode_35,mixed,295,296,False,81.64236529033694,21,0.039948467165231705,0.0023479461669921875,0.0,,-0.005228244844263021,-0.007066359273389214,-0.16886791956140268
episode_36,mixed,426,427,True,77.18495006844236,5,0.0016747803892940283,0.0028912127017974854,0.0,,-0.011281457332954915,0.008271976211530346,-0.4243872856498201
episode_37,mixed,427,428,True,2.2964423130182183,4,0.0019227106822654605,0.003239870071411133,0.0,,-0.0029976967155852657,0.007824021287763966,-0.17438563209802355
episode_38,mixed,289,290,False,81.0662201111841,19,0.04102436453104019,0.00031822919845581055,0.0,,0.009091058994854632,-0.009048592566760905,-0.33398306073747414
episode_39,mixed,430,431,True,75.13724661329525,4,0.0017802476650103927,0.003052055835723877,0.0,,0.00558517572313786,0.006209306988454868,-0.2924912944513094
episode_40,mixed,156,157,False,0.0,0,0.32973000407218933,0.2205374836921692,0.0,RuntimeError('motion planning failed'),0.0032632210448127856,-0.0012081020548943989,-0.19005634113056646
episode_41,mixed,289,290,False,79.02179756016963,20,0.04091053083539009,0.04630950093269348,0.0,,-0.003492692542024764,0.0008430561035455489,-0.06061281180305811
episode_42,mixed,282,283,False,78.4358075865083,20,0.03987906128168106,0.0022561997175216675,0.0,,0.009676041836940538,-0.010785815138670263,-0.1641638670912583
episode_43,mixed,156,157,False,77.03594389131719,1,0.3776018023490906,0.211933895945549,0.0,RuntimeError('motion planning failed'),0.008790805799396915,0.010876116178485742,-0.0529796036706876
episode_44,mixed,294,295,False,73.15819341012705,19,0.041055772453546524,0.0012865066528320312,0.0,,0.00975508371807354,-0.004236338169562172,-0.3916729557416604
episode_45,mixed,313,314,False,71.25993472923328,21,0.04181646183133125,0.0009340941905975342,0.0,,0.007905412556548093,0.01174078277704673,-0.3979878660030862
episode_46,mixed,252,253,False,77.36220153247326,18,0.03876258432865143,0.02696852572262287,0.0,,-0.007879901598352104,0.0030040419804812993,-0.05521983001182296
episode_47,mixed,287,288,False,81.85270995569337,20,0.041046857833862305,0.0003680288791656494,0.0,,0.011724464418871643,0.0005844828617608596,-0.31422873555576625
episode_48,mixed,303,304,False,81.88760413214804,21,0.040101490914821625,0.02397564984858036,0.0,,0.004823312835260229,0.005721055879084655,-0.04279791826011137
episode_49,mixed,298,299,False,81.59583883078032,21,0.04018261283636093,0.00566902756690979,0.0,,-0.004943111455556105,0.007610249904088786,-0.14618465256994018
episode_50,mixed,298,299,False,88.2903009507565,21,0.04073753207921982,0.015378296375274658,0.0,,-0.0025562618561429194,0.008639624041706123,-0.2114746511865107
episode_51,mixed,271,272,False,85.78304009957415,19,0.03971295431256294,0.0024006441235542297,0.0,,0.0014813574818301894,-0.0029007977358745194,-0.07345623620851388
episode_52,mixed,288,289,False,80.8484567994598,20,0.039459921419620514,0.01707553118467331,0.0,,-0.010498355087468056,0.0066897865915306436,-0.1008608751667831
episode_53,mixed,304,305,False,78.3401753354172,20,0.04075390473008156,0.002146899700164795,0.0,,0.0022092800135453533,-0.006167902052903956,-0.30024958305302496
episode_54,mixed,262,263,False,86.28485758985043,18,0.03874443098902702,0.0003138333559036255,0.0,,0.0027309774445985775,-0.0061425731826490375,-0.1326549871029017
episode_55,mixed,270,271,False,85.82104126585976,18,0.03868488222360611,0.000896066427230835,0.0,,0.004803518537876757,0.011172387898032668,-0.15359443054095584
episode_56,mixed,354,355,False,83.93930383649052,1,0.5512376427650452,1.2489286661148071,0.0,RuntimeError('motion planning failed'),-0.001010026235171121,-0.009064197992801566,-0.23787340649649263
episode_57,mixed,295,296,False,83.91585604304856,19,0.041280850768089294,0.0009147822856903076,0.0,,0.010690487529900764,0.008568073616123013,-0.2667181812041194
episode_58,mixed,279,280,False,87.34923647863816,20,0.040036823600530624,0.0010210275650024414,0.0,,-0.007897760576200874,0.009641322590963994,-0.17290562685042393
episode_59,mixed,600,601,False,80.89056860283776,1,0.42200279235839844,1.4150245189666748,0.0,,-0.00795629770822927,0.007065797269709583,-0.06532244434456452
episode_60,mixed,302,303,False,77.55943572111768,19,0.042153000831604004,0.007060199975967407,0.0,,-0.006401052080290989,0.007127743402857344,-0.3830881099668181
episode_61,mixed,260,261,False,74.04130860873917,18,0.03864080831408501,0.022766172885894775,0.0,,0.0071004762449433136,0.0009298306877848755,-0.3174827556718964
episode_62,mixed,236,237,False,67.24479197843799,1,0.3539724051952362,1.0586885213851929,0.0,,-0.005092894155977616,0.006046287100565359,-0.08797342712381867
episode_63,mixed,284,285,False,88.94820104201209,19,0.040740128606557846,0.0012943297624588013,0.0,,0.0034408110469182455,-0.0031401316997000505,-0.20739983720885308
episode_64,mixed,286,287,False,86.59516538377784,20,0.040511611849069595,0.0014679431915283203,0.0,,-0.0014570959377247835,0.005807528927539756,-0.20355614055598786
episode_65,mixed,149,150,False,78.94688716855592,1,0.40304797887802124,0.7334246039390564,0.0,RuntimeError('motion planning failed'),0.00771923091017589,-0.005158776557822605,-0.41321785020846735
episode_66,mixed,276,277,False,84.85683893858973,18,0.03925180807709694,0.0006785988807678223,0.0,,-0.007833168541977163,0.003370959682196646,-0.1946734787942136
episode_67,mixed,281,282,False,84.36360063938653,20,0.03985890746116638,0.002138972282409668,0.0,,-0.00783813865781474,-5.650823836677796e-05,-0.15698202101738923
episode_68,mixed,272,273,False,82.03889516345937,19,0.0398147888481617,0.0036625564098358154,0.0,,0.010080799352480081,-0.006375342515699816,-0.13124019568310408
episode_69,mixed,274,275,False,84.155692625463,19,0.04043155163526535,0.00034299492835998535,0.0,,-0.010039893013111225,-0.010935223352209492,-0.43937738612505606
episode_70,mixed,149,150,False,76.00181246417361,1,0.4148653745651245,0.033839620649814606,0.0,RuntimeError('motion planning failed'),0.0033666606812681257,0.0058742890502833725,-0.05324567830756283
episode_71,mixed,287,288,False,85.16246639233336,19,0.040957555174827576,0.00038626790046691895,0.0,,-0.0035625327767241314,0.0008370976781244526,-0.3301469725902458
episode_72,mixed,175,176,False,76.20604124021226,1,0.3215157687664032,0.2619951665401459,0.0,RuntimeError('motion planning failed'),0.009294053902370054,0.005977004654820234,-0.2658634874566017
episode_73,mixed,437,438,True,3.9637776968979073,14,0.0016331627266481519,0.0035487711429595947,0.0,,-0.010207866768497727,0.004192355852917207,-0.14712722169123743
episode_74,mixed,295,296,False,78.29512885166272,20,0.03983436897397041,0.023978691548109055,0.0,,-0.0068247633972813755,-0.0014464691612596295,-0.0664807946702567
episode_75,mixed,280,281,False,82.29375404851656,20,0.04100169613957405,0.0012856721878051758,0.0,,-0.007123197425941092,0.0001948250224803657,-0.28793765988874387
episode_76,mixed,175,176,False,78.10901699141763,1,0.31883713603019714,0.07918611168861389,0.0,RuntimeError('motion planning failed'),0.008457315832546525,0.00432876015798234,-0.09496499549240678
episode_77,mixed,241,242,False,0.0,0,0.3577556610107422,0.7189309597015381,0.0,,0.0032678724999532314,-0.009793023782021336,-0.4168540533651688
episode_78,mixed,303,304,False,85.76285973777226,20,0.04010897874832153,0.024172507226467133,0.0,,-0.00924058241782055,3.064439594298134e-05,-0.10005326358855193
episode_79,mixed,299,300,False,81.79696356001831,20,0.0416637659072876,0.0025658607482910156,0.0,,-0.0024228166048357,0.0008277223616541575,-0.4895600696879746
episode_80,mixed,286,287,False,80.95221966863583,20,0.03991110250353813,0.002246841788291931,0.0,,-0.004531259853661794,-0.0036687279754635087,-0.1596781097279924
episode_81,mixed,299,300,False,79.98327847540985,20,0.039416030049324036,0.011349592357873917,0.0,,-0.00274007903936975,-0.011444517284298204,-0.04208687277181855
episode_82,mixed,427,428,True,77.28786267219999,15,0.001639562426134944,0.002450227737426758,0.0,,0.003688566528934699,0.006546124493757594,-0.32820174904897215
episode_83,mixed,423,424,True,1.9641431612863336,5,0.0018239511409774423,0.003072202205657959,0.0,,-0.002936439044403459,0.0028226084397645138,-0.25727030372431436
episode_84,mixed,262,263,False,72.69948485498352,17,0.0384615957736969,0.02813282608985901,0.0,,0.0014026504621398282,0.0034985121546940185,-0.32579586894236223
episode_85,mixed,303,304,False,77.46431811256659,21,0.041482023894786835,0.007066965103149414,0.0,,-0.003394659831967293,-0.005986493638211914,-0.2865494986997752
episode_86,mixed,278,279,False,76.78020089774857,19,0.04032038152217865,0.0005509853363037109,0.0,,0.009695898853764644,-0.0013480000435299958,-0.4455096583212933
episode_87,mixed,269,270,False,91.04404486306719,19,0.03806985914707184,0.0008074194192886353,0.0,,0.005627742783764995,-0.011329199201379725,-0.18522690292780047
episode_88,mixed,301,302,False,89.02133516644383,20,0.04055386409163475,0.007677361369132996,0.0,,-0.010536622487384871,-0.005156690789309352,-0.2473463170313301
episode_89,mixed,294,295,False,83.25729102688813,21,0.04063193500041962,0.052107781171798706,0.0,,0.003317088437243234,0.0017229926358964254,-0.12387746158317908
episode_90,mixed,425,426,True,76.90566397522315,16,0.0014546748716384172,0.004215121269226074,0.0,,0.002461242362338875,-0.008124865940601918,-0.4257242881807253
episode_91,mixed,442,443,False,0.30161074499558876,1,0.3915741741657257,0.25729191303253174,0.0,RuntimeError('motion planning failed'),-0.010432994312044735,-0.003549466292049972,-0.3443644626223409
episode_92,mixed,266,267,False,82.62022293475282,17,0.04049716517329216,0.025257229804992676,0.0,,-0.0110962982439141,-0.008041731012587455,-0.439178839134294
episode_93,mixed,226,227,False,79.29110470894364,1,0.38964909315109253,1.1217399835586548,0.0,,-0.011026368627144885,-0.006403628406083545,-0.3779765461672288
episode_94,mixed,220,221,False,0.0,0,0.38064488768577576,0.9623865485191345,0.0,,-0.00678690478119035,0.003657471548694509,-0.17534666005614447
episode_95,mixed,227,228,False,0.0,0,0.3492526710033417,0.9651715159416199,0.0,,-0.00824667732786272,-0.005999169519581233,-0.17757946767850252
episode_96,mixed,425,426,True,4.193693889699604,4,0.001662802416831255,0.002875596284866333,0.0,,0.00860779083699962,0.0016206807701239691,-0.3684225664778381
episode_97,mixed,229,230,False,0.0,0,0.359639048576355,0.9768788814544678,0.0,,-0.0011503168704057442,0.003847860142117694,-0.17280483741267144
episode_98,mixed,274,275,False,86.129184770151,18,0.038923487067222595,0.001322045922279358,0.0,,-0.0018038638103352132,-0.007081080258026856,-0.14263528726879382
episode_99,mixed,422,423,True,86.09729886652501,15,0.001503425999544561,0.006933808326721191,0.0,,0.005192338536792945,0.007517247355179637,-0.46916311637170394
episode_100,mixed,269,270,False,83.82356138370696,18,0.039207153022289276,0.00019343197345733643,0.0,,-0.002162774406801647,-0.0036590238431259223,-0.23408437466867582
episode_101,mixed,238,239,False,81.46321331454394,1,0.3766479194164276,0.8102867603302002,0.0,,0.011294827465166184,0.00313210983395003,-0.3186459937510446
episode_102,mixed,287,288,False,79.91269284775476,19,0.04048988223075867,0.0012994110584259033,0.0,,0.008137596933616487,-0.008148403674050043,-0.25469499347926305
episode_103,mixed,287,288,False,79.1342901779876,20,0.040088310837745667,0.002056792378425598,0.0,,-0.007656149473318897,-0.005360730581247258,-0.23882165857773163
episode_104,mixed,274,275,False,76.72495395178028,19,0.04146919399499893,0.009664773941040039,0.0,,0.003624425285776823,0.0070427551960494175,-0.5174973916574462
episode_105,mixed,309,310,False,72.42747783976506,21,0.04141698777675629,0.0018756985664367676,0.0,,0.008814750355407016,-0.008909816300425453,-0.28765139942270246
episode_106,mixed,287,288,False,83.63269389588756,20,0.041094668209552765,0.001033395528793335,0.0,,-0.0018025693175414935,-0.006647338753112518,-0.36060743890631397
episode_107,mixed,282,283,False,84.3700648751829,20,0.04072127863764763,0.0013991892337799072,0.0,,-0.007781380927200892,-0.00021396129400308612,-0.25395020535276897
episode_108,mixed,259,260,False,92.56854014779056,18,0.038659922778606415,0.0007340684533119202,0.0,,-0.008601969941303505,-0.009757143526678795,-0.050184060595570845
episode_109,mixed,274,275,False,89.87604853991556,19,0.04046759009361267,0.00043776631355285645,0.0,,-0.007749183420139771,-0.0016048995588692251,-0.46935712071371594
episode_110,mixed,4412,4413,False,68.34776840118249,1,0.22368469834327698,0.3495676517486572,0.0,RuntimeError('motion planning failed'),0.00741041121787021,0.0011600400790976358,-0.3894849382192763
episode_111,mixed,298,299,False,78.03108059712405,20,0.0403883159160614,0.04407616704702377,0.0,,0.0017475460623891676,0.011173049401849721,-0.106549884342927
episode_112,mixed,270,271,False,79.94203487105978,19,0.03919851779937744,0.002506643533706665,0.0,,0.005644151082892131,0.0012134303721056255,-0.1535342190948637
episode_113,mixed,281,282,False,88.92708058485321,20,0.03974117338657379,0.0024643614888191223,0.0,,-0.009435982327773755,0.010788862866660618,-0.1273399669500448
episode_114,mixed,426,427,True,86.70924422219542,4,0.0016509577399119735,0.002774864435195923,0.0,,0.010480999569477314,0.011304879516070863,-0.35401752984112345
episode_115,mixed,283,284,False,78.69230180161746,19,0.04064786061644554,0.0005325376987457275,0.0,,-0.006883249554373552,0.00563000094407505,-0.3691211385993697
episode_116,mixed,306,307,False,81.07740697102068,21,0.042722515761852264,0.0012176036834716797,0.0,,0.0005047357231733798,0.010190892671112985,-0.5005363950309553
episode_117,mixed,441,442,True,67.91328336626475,15,0.0015083421021699905,0.00022443383932113647,0.0,,-0.010252363168574797,0.0057644780840490455,-0.04940016006703013
episode_118,mixed,263,264,False,81.06379031303474,19,0.039012204855680466,0.0010013282299041748,0.0,,0.0005086812589830611,0.009784263212343092,-0.11534581186391335
episode_119,mixed,298,299,False,79.84796367651862,20,0.04090501740574837,0.026385292410850525,0.0,,-0.011177699728011649,-0.0011970393286606408,-0.20158567621800644
episode_120,mixed,287,288,False,88.33124240776179,20,0.04087529703974724,0.0026644766330718994,0.0,,-0.0030055467980600343,-0.008210073650370596,-0.2566510179971344
episode_121,mixed,292,293,False,86.9020936647481,20,0.04082431271672249,0.0018691718578338623,0.0,,0.0007309503763969182,-0.010672133143869122,-0.30035722601105713
episode_122,mixed,220,221,False,71.3926160386934,1,0.3754289746284485,0.9640108346939087,0.0,,-0.004212076483971852,0.006600077266073503,-0.1614783170348138
episode_123,mixed,431,432,True,2.7917064016734416,10,0.0017241030000150204,0.0025568008422851562,0.0,,0.010280418862468596,0.006022740388454188,-0.2640089679622061
episode_124,mixed,285,286,False,75.32212290068736,20,0.04001003876328468,0.0021517127752304077,0.0,,0.010503813622294939,0.005540911577225107,-0.15588083532331143
episode_125,mixed,284,285,False,89.728733359321,20,0.03994528576731682,0.0025001242756843567,0.0,,-0.011280320519343166,0.008354233732907963,-0.08580407745206631
episode_126,mixed,301,302,False,89.7128471553551,21,0.04124893248081207,0.0013023614883422852,0.0,,-0.0010190461796699656,-0.009022148332818256,-0.33834970749733867
episode_127,mixed,281,282,False,72.44571850817384,20,0.0401795320212841,0.0017563998699188232,0.0,,0.0071218337902049615,0.009735212018198394,-0.2824436987421183
episode_128,mixed,304,305,False,74.46988442980182,21,0.04149293899536133,0.0055307745933532715,0.0,,0.00988858496737681,0.006416052191605768,-0.2758374310893952
episode_129,mixed,298,299,False,70.14550135911561,20,0.04073825106024742,0.0027510225772857666,0.0,,0.003741546229917885,-0.00835805051718692,-0.3100321273132654
episode_130,mixed,441,442,False,69.11147032930519,1,0.37165287137031555,2.9794962406158447,0.0,RuntimeError('motion planning failed'),-0.006930039907392006,0.0001312353854432298,-0.35775859454047265
episode_131,mixed,303,304,False,76.40841420404305,19,0.041366565972566605,0.002163320779800415,0.0,,-0.007006703611470041,0.008465505271749139,-0.3226258386165989
episode_132,mixed,298,299,False,76.92266949065026,20,0.040848009288311005,0.01676367223262787,0.0,,-0.008889904860597691,-0.004338791569200444,-0.23378635955788818
episode_133,mixed,274,275,False,80.4266987265657,20,0.03998260945081711,0.0007706880569458008,0.0,,0.0017880979118648187,-0.006355621713943615,-0.29222745016342466
episode_134,mixed,470,471,False,72.40919753874245,1,0.41059237718582153,0.40105992555618286,0.0,,0.011483304637290949,-0.005980540304871459,-0.14718091770370978
episode_135,mixed,175,176,False,0.0,0,0.3109916150569916,0.029619861394166946,0.0,RuntimeError('motion planning failed'),0.003920152666331077,-0.0025774626913411536,-0.0764101581506878
episode_136,mixed,278,279,False,82.29557883566075,19,0.03924425691366196,0.0024646222591400146,0.0,,0.008544231557039768,0.002914922425711921,-0.0995600719724144
episode_137,mixed,286,287,False,82.889230599554,19,0.042069826275110245,0.0001735091209411621,0.0,,-0.011598519462319814,0.00892141964261213,-0.5224158059047728
episode_138,mixed,304,305,False,74.92698479393017,20,0.04015038162469864,0.005317941308021545,0.0,,0.008745361657054161,-0.00470624747119842,-0.1186462125509608
episode_139,mixed,296,297,False,78.45387217939012,20,0.040610987693071365,0.00499609112739563,0.0,,-0.00898498794033777,-0.00291221658903372,-0.19947684374691216
episode_140,mixed,175,176,False,73.7821660412571,1,0.3121408522129059,0.01695507951080799,0.0,RuntimeError('motion planning failed'),-0.00016111490576448464,0.0027845685145023308,-0.042488248445227084
episode_141,mixed,230,231,False,0.0,0,0.402821809053421,1.4003247022628784,0.0,,-0.010247300258656772,-0.0006276931682113965,-0.06512447761787377
episode_142,mixed,306,307,False,79.65095404389417,19,0.04148981720209122,0.00636899471282959,0.0,,-0.007487232551460326,0.011539430212875748,-0.31173296865731426
episode_143,mixed,262,263,False,87.32166058026368,18,0.039176397025585175,0.0018965564668178558,0.0,,-0.0009644583217359205,-0.011460100329816114,-0.05216673935956778
episode_144,mixed,283,284,False,81.07485797567523,20,0.04111123085021973,0.01845318078994751,0.0,,-0.0029311818440219475,0.00862652797173824,-0.24796037194754922
episode_145,mixed,149,150,False,74.92409365886016,1,0.4108680188655853,0.0903380811214447,0.0,RuntimeError('motion planning failed'),-0.007631197022465708,0.011444583079415531,-0.07137241738178729
episode_146,mixed,231,232,False,0.0,0,0.34601038694381714,0.7645137310028076,0.0,,-0.0066743898591027665,-0.00630363721026567,-0.3789725611060981
episode_147,mixed,290,291,False,87.46276387867269,19,0.04090704396367073,0.00029924511909484863,0.0,,-0.007586474186746781,-0.0022714847748597517,-0.2845966466852361
episode_148,mixed,175,176,False,79.47598914665903,1,0.31132128834724426,0.4151345491409302,0.0,RuntimeError('motion planning failed'),-0.0031075093315854913,0.004185403951851317,-0.3931280417781543
episode_149,mixed,287,288,False,82.24505303610242,19,0.040315382182598114,0.001551985740661621,0.0,,0.006055363446734591,0.010187689756606826,-0.17382008841906166
episode_150,mixed,283,284,False,85.04307932266231,19,0.04086335003376007,0.0001849532127380371,0.0,,0.0037342009889126046,0.005786662121045515,-0.29655256309499045
episode_151,mixed,300,301,False,81.12484383972206,20,0.04086170345544815,0.017292574048042297,0.0,,-0.011636495810023139,0.011813692271192944,-0.2143424848803025
episode_152,mixed,425,426,True,80.65521279833689,5,0.0016021891497075558,0.0028055012226104736,0.0,,-0.00337866963537861,0.00359536627188322,-0.41817915954807633
episode_153,mixed,229,230,False,0.0,0,0.37299713492393494,0.9343916773796082,0.0,,0.005374224731664823,0.005502883828975178,-0.19933824882026097
episode_154,mixed,430,431,True,1.398814281094061,3,0.0017894781194627285,0.002973705530166626,0.0,,0.00045621815912787536,0.0027985257061828002,-0.2959676388953703
episode_155,mixed,309,310,False,74.62064698621164,20,0.04235268756747246,0.0007034540176391602,0.0,,0.005650083903153018,0.008875667187339259,-0.4615848830462119
episode_156,mixed,436,437,True,71.34600721393963,4,0.0018883701413869858,0.003187507390975952,0.0,,0.0008108941293210516,0.009882915126800377,-0.15193775945647298
episode_157,mixed,423,424,True,3.3096892986384945,4,0.0018480311846360564,0.0030850768089294434,0.0,,-0.004363892826594699,0.003058651531254613,-0.2682010034053527
episode_158,mixed,284,285,False,82.45609445129591,19,0.04012277349829674,0.0011351555585861206,0.0,,0.0005039748126295651,0.003650050651936793,-0.21463122174256533
episode_159,mixed,423,424,True,80.89889938332496,4,0.0016539422795176506,0.002795487642288208,0.0,,0.002063603667633359,0.004807998862959356,-0.4498114433635929
episode_160,mixed,156,157,False,0.0,0,0.329049676656723,0.4205583333969116,0.0,RuntimeError('motion planning failed'),-0.008137151198584974,0.0057512796709348005,-0.39007718650562534
episode_161,mixed,300,301,False,81.35869721950564,20,0.04237079620361328,0.00732538104057312,0.0,,0.0021191291093528193,0.00960918228421985,-0.4665027804174786
episode_162,mixed,290,291,False,78.99470197868138,20,0.04111184552311897,0.002969682216644287,0.0,,-0.011231006603874936,0.005511556079996013,-0.35186617717529617
episode_163,mixed,156,157,False,76.54575001041391,1,0.3774912357330322,0.019143730401992798,0.0,RuntimeError('motion planning failed'),0.0119682256270227,0.008200815768970207,-0.28405723255889614
episode_164,mixed,289,290,False,81.33517896250764,19,0.040040984749794006,0.0021016746759414673,0.0,,-0.011138219850362306,0.009700583208337898,-0.18596397465695264
episode_165,mixed,303,304,False,79.32948389060692,20,0.04178781434893608,0.002370983362197876,0.0,,-0.011844478198702744,0.005730495922450578,-0.3858826004729159
episode_166,mixed,254,255,False,76.34363791136303,18,0.039676666259765625,0.02302950620651245,0.0,,-0.007712355521085676,0.004740932620206155,-0.35322499930096096
episode_167,mixed,282,283,False,86.2113267660711,20,0.04060372710227966,0.002337709069252014,0.0,,0.007878630652442504,0.010690033355596812,-0.16956159265150544
episode_168,mixed,305,306,False,84.92839426776523,21,0.04224544018507004,0.0013235807418823242,0.0,,0.011989067114105544,0.01123401203064878,-0.42071316315534557
episode_169,mixed,302,303,False,78.12722761870067,21,0.04070525988936424,0.010390549898147583,0.0,,0.0046476261916455555,0.006127132529434063,-0.1979784557748056
episode_170,mixed,294,295,False,81.76848632563674,21,0.041201647371053696,0.01468503475189209,0.0,,0.009492686612356305,0.0073037532302120374,-0.23879887305177536
episode_171,mixed,277,278,False,78.20153573304736,20,0.04091012850403786,5.632638931274414e-06,0.0,,0.008410017984820103,0.003945616074812551,-0.42909275388550755
episode_172,mixed,301,302,False,71.18040560200808,20,0.04127788171172142,0.0013849437236785889,0.0,,0.010683626798748104,0.003634321235858339,-0.402264187779805
episode_173,mixed,309,310,False,75.57011824143984,21,0.041484080255031586,0.0007069110870361328,0.0,,-0.007243845571474181,0.009447673554525733,-0.470329039903104
episode_174,mixed,261,262,False,90.81297650247203,18,0.03940993919968605,0.000918164849281311,0.0,,-0.008636338044618556,0.003777845601988153,-0.24795399318939168
episode_175,mixed,272,273,False,83.37083581976486,18,0.04016721993684769,0.0003718435764312744,0.0,,0.005786822844641635,0.004469248397711259,-0.3727029404818838
episode_176,mixed,451,452,False,75.01048518839072,1,0.5578616857528687,1.2881067991256714,0.0,RuntimeError('motion planning failed'),-0.009807325301933702,0.006004602016476273,-0.19869533041524684
episode_177,mixed,289,290,False,84.68358683812568,19,0.040117908269166946,0.0012827664613723755,0.0,,0.0009953438217273885,0.009854819122771459,-0.19712822214180753
episode_178,mixed,283,284,False,89.44330379299592,20,0.041363418102264404,0.0005855262279510498,0.0,,-0.009595746477488919,0.011241257169823639,-0.40353720273756605
episode_179,mixed,609,610,False,64.66461436861648,1,0.4258072078227997,1.1988394260406494,0.0,,-0.00748831651289316,0.011784560100981424,-0.2815074244651425
episode_180,mixed,308,309,False,70.8193246726901,20,0.04133525490760803,0.0050168633460998535,0.0,,0.010615999116576482,0.008653383264355823,-0.33183424871381606
episode_181,mixed,255,256,False,68.3635596121809,18,0.03818516433238983,0.018643513321876526,0.0,,0.009103942129542394,0.005445849684544593,-0.2198575798281472
episode_182,mixed,230,231,False,67.11272148655799,1,0.3629218339920044,0.9171088933944702,0.0,,0.010071835182092155,0.004565796422353043,-0.22955312361253624
episode_183,mixed,279,280,False,86.18615514576668,19,0.040229592472314835,8.508563041687012e-06,0.0,,-0.009395581196117553,0.0026117744214004283,-0.24548460830218752
episode_184,mixed,290,291,False,86.59203409357434,20,0.041387271136045456,0.0009362399578094482,0.0,,-0.006700203804044092,0.003724410237546589,-0.4299893330989055
episode_185,mixed,422,423,False,76.31333895881546,1,0.4070717394351959,0.2681206166744232,0.0,,-0.01007948520551442,0.00953408946490003,-0.25166137927315324
episode_186,mixed,312,313,False,76.05913863254376,20,0.04124196618795395,0.0007964372634887695,0.0,,-0.009922626547287622,0.01049310322323487,-0.414977628059233
episode_187,mixed,373,374,False,74.59875329251211,20,0.04016931354999542,0.0016793608665466309,0.0,,0.007971324912588465,0.007613201202050456,-0.2046887708123502
episode_188,mixed,175,176,False,66.27156584983716,1,0.3178488612174988,0.2543553411960602,0.0,RuntimeError('motion planning failed'),0.007668462508993317,0.0033355507771365483,-0.24882771757464356
episode_189,mixed,426,427,True,2.8439094470610353,13,0.001686401548795402,0.0013941526412963867,0.0,,0.010536554340210207,0.005527433254831418,-0.3833107550528154
episode_190,mixed,286,287,False,80.78703254139198,19,0.0413033589720726,0.0004750490188598633,0.0,,0.0072212204215195835,0.007958365968222674,-0.4256102737534124
episode_191,mixed,299,300,False,83.15865395696422,21,0.040822047740221024,0.0016031265258789062,0.0,,0.0009491227129589143,0.006675830329499622,-0.22722548283359756
episode_192,mixed,428,429,True,71.89694519700181,15,0.0015288259601220489,0.005593746900558472,0.0,,-0.0017089287925397493,0.006826499501238181,-0.3402099356183116
episode_193,mixed,238,239,False,0.6806722886671791,1,0.37362319231033325,0.9345289468765259,0.0,,0.00948165496557039,0.0025272674961681523,-0.19920100013163172
episode_194,mixed,432,433,True,2.6713814325912484,14,0.0017241730820387602,0.006021216511726379,0.0,,-0.0006706454269802351,0.006479120796455892,-0.23519518911413903
episode_195,mixed,297,298,False,81.53870751037206,21,0.04133085906505585,0.013265371322631836,0.0,,0.008691126045976813,0.007686571541483878,-0.25361662157473497
episode_196,mixed,427,428,True,75.83189888303063,5,0.0016864013159647584,0.002874135971069336,0.0,,0.0009736090258035523,0.005085687275792769,-0.3674283405987565
episode_197,mixed,419,420,True,1.5617657269745175,4,0.0017135736998170614,0.0027979612350463867,0.0,,0.010109058384607267,0.00492124189396957,-0.3706096142336612
