model,sample_size,seed,fit_task,eval_task,cross_task_error,in_task_error,mismatch_gap
Frame-weighted,5,20260818,keyed,circular_honest,5.414588854055011,5.074976619199777,0.33961223485523373
Frame-weighted,5,20260818,keyed,circular_placebo,13.801364117087637,5.074976619199777,8.72638749788786
Phase scalar GP,5,20260818,keyed,circular_honest,5.414537609910609,5.074974147912693,0.3395634619979164
Phase scalar GP,5,20260818,keyed,circular_placebo,13.801336782933406,5.074974147912693,8.726362635020713
TP-GMM additive,5,20260818,keyed,circular_honest,7.791159529767448,5.56972347811371,2.221436051653738
TP-GMM additive,5,20260818,keyed,circular_placebo,13.637895633941739,5.56972347811371,8.068172155828028
TP-GMM SE(2),5,20260818,keyed,circular_honest,7.37161867150007,5.1319589991042065,2.239659672395864
TP-GMM SE(2),5,20260818,keyed,circular_placebo,13.846112247066467,5.1319589991042065,8.71415324796226
Generic RBF,5,20260818,keyed,circular_honest,7.741430038695692,8.135675749139109,-0.3942457104434167
Generic RBF,5,20260818,keyed,circular_placebo,14.993845794269696,8.135675749139109,6.858170045130587
Full operator,5,20260818,keyed,circular_honest,6.753815026862306,3.433094905718638,3.3207201211436677
Full operator,5,20260818,keyed,circular_placebo,14.012734155819658,3.433094905718638,10.57963925010102
Pdiag pointwise,5,20260818,keyed,circular_honest,4.972791055283859,2.391871281895833,2.5809197733880263
Pdiag pointwise,5,20260818,keyed,circular_placebo,12.886952941871703,2.391871281895833,10.49508165997587
Pdiag finite,5,20260818,keyed,circular_honest,5.2046060309139905,2.4970710859289986,2.707534944984992
Pdiag finite,5,20260818,keyed,circular_placebo,13.034511510329963,2.4970710859289986,10.537440424400964
Frame-weighted,10,20260818,keyed,circular_honest,5.41182593035031,5.102666001969131,0.3091599283811792
Frame-weighted,10,20260818,keyed,circular_placebo,13.800667452377843,5.102666001969131,8.69800145040871
Phase scalar GP,10,20260818,keyed,circular_honest,5.412026011435661,5.102748788048903,0.30927722338675867
Phase scalar GP,10,20260818,keyed,circular_placebo,13.800365818898237,5.102748788048903,8.697617030849335
TP-GMM additive,10,20260818,keyed,circular_honest,7.2303454445690685,4.558650866733733,2.6716945778353356
TP-GMM additive,10,20260818,keyed,circular_placebo,12.963258104470158,4.558650866733733,8.404607237736425
TP-GMM SE(2),10,20260818,keyed,circular_honest,6.836833352517446,4.2742465303901795,2.5625868221272663
TP-GMM SE(2),10,20260818,keyed,circular_placebo,12.358262406648796,4.2742465303901795,8.084015876258617
Generic RBF,10,20260818,keyed,circular_honest,5.000493519854412,6.041214412592807,-1.0407208927383955
Generic RBF,10,20260818,keyed,circular_placebo,13.11541299318081,6.041214412592807,7.0741985805880025
Full operator,10,20260818,keyed,circular_honest,4.945174524256626,2.3122214151933327,2.6329531090632936
Full operator,10,20260818,keyed,circular_placebo,13.099459661702767,2.3122214151933327,10.787238246509434
Pdiag pointwise,10,20260818,keyed,circular_honest,4.577317240610178,2.1503299934602103,2.4269872471499676
Pdiag pointwise,10,20260818,keyed,circular_placebo,12.675714446380097,2.1503299934602103,10.525384452919887
Pdiag finite,10,20260818,keyed,circular_honest,5.046955313385631,2.2141354779600992,2.8328198354255316
Pdiag finite,10,20260818,keyed,circular_placebo,12.892015920766413,2.2141354779600992,10.677880442806314
Frame-weighted,20,20260818,keyed,circular_honest,5.194555214113197,4.896273133727286,0.29828208038591075
Frame-weighted,20,20260818,keyed,circular_placebo,13.892516103881135,4.896273133727286,8.99624297015385
Phase scalar GP,20,20260818,keyed,circular_honest,5.1947360539978815,4.896405197264542,0.29833085673333937
Phase scalar GP,20,20260818,keyed,circular_placebo,13.892448537145405,4.896405197264542,8.996043339880863
TP-GMM additive,20,20260818,keyed,circular_honest,4.705320096401247,3.4200293386164202,1.2852907577848272
TP-GMM additive,20,20260818,keyed,circular_placebo,12.294737463985761,3.4200293386164202,8.874708125369342
TP-GMM SE(2),20,20260818,keyed,circular_honest,4.818973479403668,3.0946160453586153,1.7243574340450523
TP-GMM SE(2),20,20260818,keyed,circular_placebo,12.688380513381402,3.0946160453586153,9.593764468022787
Generic RBF,20,20260818,keyed,circular_honest,4.598056467492714,3.521974421752317,1.0760820457403968
Generic RBF,20,20260818,keyed,circular_placebo,12.951912617365688,3.521974421752317,9.42993819561337
Full operator,20,20260818,keyed,circular_honest,4.586370167490819,1.8857199739332562,2.700650193557563
Full operator,20,20260818,keyed,circular_placebo,12.951589548331588,1.8857199739332562,11.065869574398333
Pdiag pointwise,20,20260818,keyed,circular_honest,4.273809569906825,1.964209823136609,2.309599746770216
Pdiag pointwise,20,20260818,keyed,circular_placebo,12.80264830251073,1.964209823136609,10.838438479374123
Pdiag finite,20,20260818,keyed,circular_honest,4.681513991870227,1.9503587696764504,2.7311552221937765
Pdiag finite,20,20260818,keyed,circular_placebo,12.923144476453288,1.9503587696764504,10.972785706776838
Frame-weighted,5,20270818,keyed,circular_honest,5.51108582866945,5.141787466569189,0.36929836210026057
Frame-weighted,5,20270818,keyed,circular_placebo,13.54241055649488,5.141787466569189,8.400623089925691
Phase scalar GP,5,20270818,keyed,circular_honest,5.510609242172809,5.141654449244421,0.3689547929283874
Phase scalar GP,5,20270818,keyed,circular_placebo,13.541785651301621,5.141654449244421,8.4001312020572
TP-GMM additive,5,20270818,keyed,circular_honest,8.315822968350943,5.790138695212429,2.5256842731385145
TP-GMM additive,5,20270818,keyed,circular_placebo,13.294473089149681,5.790138695212429,7.504334393937253
TP-GMM SE(2),5,20270818,keyed,circular_honest,7.710001997234642,5.448146184893569,2.2618558123410724
TP-GMM SE(2),5,20270818,keyed,circular_placebo,12.860750541118366,5.448146184893569,7.412604356224796
Generic RBF,5,20270818,keyed,circular_honest,6.60830422845637,5.918149239606568,0.6901549888498018
Generic RBF,5,20270818,keyed,circular_placebo,14.116593237495499,5.918149239606568,8.19844399788893
Full operator,5,20270818,keyed,circular_honest,6.149968303067895,3.8254532772177297,2.324515025850165
Full operator,5,20270818,keyed,circular_placebo,13.623118113640489,3.8254532772177297,9.79766483642276
Pdiag pointwise,5,20270818,keyed,circular_honest,4.448110683528204,2.1824541014294385,2.265656582098765
Pdiag pointwise,5,20270818,keyed,circular_placebo,12.52927037291483,2.1824541014294385,10.346816271485391
Pdiag finite,5,20270818,keyed,circular_honest,5.109968487827698,2.5422114126152584,2.5677570752124392
Pdiag finite,5,20270818,keyed,circular_placebo,12.840574700644131,2.5422114126152584,10.298363288028874
Frame-weighted,10,20270818,keyed,circular_honest,5.418073062153916,5.053751934965614,0.364321127188302
Frame-weighted,10,20270818,keyed,circular_placebo,13.546376895573665,5.053751934965614,8.492624960608051
Phase scalar GP,10,20270818,keyed,circular_honest,5.418048837080819,5.053856647725169,0.36419218935564945
Phase scalar GP,10,20270818,keyed,circular_placebo,13.546018251476132,5.053856647725169,8.492161603750963
TP-GMM additive,10,20270818,keyed,circular_honest,6.740391309044551,4.547280189146926,2.1931111198976243
TP-GMM additive,10,20270818,keyed,circular_placebo,12.839920130902785,4.547280189146926,8.292639941755859
TP-GMM SE(2),10,20270818,keyed,circular_honest,6.5674381133169994,4.3475845696567825,2.219853543660217
TP-GMM SE(2),10,20270818,keyed,circular_placebo,12.464751941437955,4.3475845696567825,8.117167371781171
Generic RBF,10,20270818,keyed,circular_honest,4.922942243069226,3.745005192735513,1.1779370503337132
Generic RBF,10,20270818,keyed,circular_placebo,12.78932577651296,3.745005192735513,9.044320583777449
Full operator,10,20270818,keyed,circular_honest,4.899639269866987,2.0976706238492806,2.8019686460177065
Full operator,10,20270818,keyed,circular_placebo,12.769520112710302,2.0976706238492806,10.671849488861021
Pdiag pointwise,10,20270818,keyed,circular_honest,4.278808487935769,1.9935910849635026,2.2852174029722665
Pdiag pointwise,10,20270818,keyed,circular_placebo,12.444078805037924,1.9935910849635026,10.45048772007442
Pdiag finite,10,20270818,keyed,circular_honest,4.854460099531436,2.117228573453703,2.737231526077733
Pdiag finite,10,20270818,keyed,circular_placebo,12.654835297921352,2.117228573453703,10.537606724467649
Frame-weighted,20,20270818,keyed,circular_honest,5.137431030348227,4.855944301960801,0.28148672838742606
Frame-weighted,20,20270818,keyed,circular_placebo,13.352354043097451,4.855944301960801,8.496409741136649
Phase scalar GP,20,20270818,keyed,circular_honest,5.1373832293834445,4.856038064994422,0.28134516438902235
Phase scalar GP,20,20270818,keyed,circular_placebo,13.352161875889607,4.856038064994422,8.496123810895185
TP-GMM additive,20,20270818,keyed,circular_honest,4.747348736064674,3.690371143706049,1.0569775923586247
TP-GMM additive,20,20270818,keyed,circular_placebo,11.84267999096548,3.690371143706049,8.152308847259432
TP-GMM SE(2),20,20270818,keyed,circular_honest,5.19889885319139,3.145075542735137,2.053823310456253
TP-GMM SE(2),20,20270818,keyed,circular_placebo,11.960336729287645,3.145075542735137,8.815261186552508
Generic RBF,20,20270818,keyed,circular_honest,4.5589330781628385,2.1762215812862937,2.382711496876545
Generic RBF,20,20270818,keyed,circular_placebo,12.44446034795567,2.1762215812862937,10.268238766669377
Full operator,20,20270818,keyed,circular_honest,4.547389689210606,1.7510466706141112,2.7963430185964944
Full operator,20,20270818,keyed,circular_placebo,12.438161263843542,1.7510466706141112,10.687114593229431
Pdiag pointwise,20,20270818,keyed,circular_honest,4.129116023696221,1.8947589462182133,2.2343570774780073
Pdiag pointwise,20,20270818,keyed,circular_placebo,12.315624131755802,1.8947589462182133,10.42086518553759
Pdiag finite,20,20270818,keyed,circular_honest,4.539310820352395,1.8681346223996007,2.6711761979527946
Pdiag finite,20,20270818,keyed,circular_placebo,12.393206230549213,1.8681346223996007,10.525071608149613
Frame-weighted,5,20280818,keyed,circular_honest,5.626861767328683,5.2759552471011455,0.35090652022753765
Frame-weighted,5,20280818,keyed,circular_placebo,14.050278928142419,5.2759552471011455,8.774323681041274
Phase scalar GP,5,20280818,keyed,circular_honest,5.626446267679721,5.275996572918843,0.3504496947608775
Phase scalar GP,5,20280818,keyed,circular_placebo,14.050168287791777,5.275996572918843,8.774171714872935
TP-GMM additive,5,20280818,keyed,circular_honest,7.4273692368852275,5.4836133558923486,1.943755880992879
TP-GMM additive,5,20280818,keyed,circular_placebo,13.405487725292362,5.4836133558923486,7.9218743694000135
TP-GMM SE(2),5,20280818,keyed,circular_honest,7.203536439922591,5.594837601350649,1.608698838571942
TP-GMM SE(2),5,20280818,keyed,circular_placebo,13.574579779903486,5.594837601350649,7.979742178552836
Generic RBF,5,20280818,keyed,circular_honest,8.39960019282318,9.23395985441551,-0.8343596615923303
Generic RBF,5,20280818,keyed,circular_placebo,15.657040916795024,9.23395985441551,6.423081062379515
Full operator,5,20280818,keyed,circular_honest,7.305590049662382,4.439246922677712,2.8663431269846704
Full operator,5,20280818,keyed,circular_placebo,14.545423152380389,4.439246922677712,10.106176229702676
Pdiag pointwise,5,20280818,keyed,circular_honest,4.656736540718197,2.3772137639616546,2.2795227767565422
Pdiag pointwise,5,20280818,keyed,circular_placebo,12.9846345301441,2.3772137639616546,10.607420766182447
Pdiag finite,5,20280818,keyed,circular_honest,5.067969818616697,2.668521930707558,2.399447887909139
Pdiag finite,5,20280818,keyed,circular_placebo,13.181211444653501,2.668521930707558,10.512689513945944
Frame-weighted,10,20280818,keyed,circular_honest,5.373885703872404,5.205089023366244,0.16879668050616026
Frame-weighted,10,20280818,keyed,circular_placebo,14.128565124878698,5.205089023366244,8.923476101512453
Phase scalar GP,10,20280818,keyed,circular_honest,5.3737786766506375,5.205077891171544,0.16870078547909362
Phase scalar GP,10,20280818,keyed,circular_placebo,14.128378028409841,5.205077891171544,8.923300137238297
TP-GMM additive,10,20280818,keyed,circular_honest,7.311459199589354,5.087848336011381,2.2236108635779734
TP-GMM additive,10,20280818,keyed,circular_placebo,13.097827185418177,5.087848336011381,8.009978849406796
TP-GMM SE(2),10,20280818,keyed,circular_honest,6.305106589346958,4.207926690323504,2.0971798990234545
TP-GMM SE(2),10,20280818,keyed,circular_placebo,12.82977901064566,4.207926690323504,8.621852320322157
Generic RBF,10,20280818,keyed,circular_honest,5.081257504509793,5.187941692872498,-0.10668418836270543
Generic RBF,10,20280818,keyed,circular_placebo,13.606792676770239,5.187941692872498,8.418850983897741
Full operator,10,20280818,keyed,circular_honest,4.946819453893097,2.4733606216108104,2.4734588322822866
Full operator,10,20280818,keyed,circular_placebo,13.459951570092016,2.4733606216108104,10.986590948481206
Pdiag pointwise,10,20280818,keyed,circular_honest,4.357808945543954,2.1590903827141408,2.198718562829813
Pdiag pointwise,10,20280818,keyed,circular_placebo,12.984105731247631,2.1590903827141408,10.82501534853349
Pdiag finite,10,20280818,keyed,circular_honest,4.620540500670192,2.298797168241562,2.3217433324286296
Pdiag finite,10,20280818,keyed,circular_placebo,13.143371403518161,2.298797168241562,10.8445742352766
Frame-weighted,20,20280818,keyed,circular_honest,5.089026582513822,4.891607324766944,0.19741925774687807
Frame-weighted,20,20280818,keyed,circular_placebo,13.963760857899125,4.891607324766944,9.07215353313218
Phase scalar GP,20,20280818,keyed,circular_honest,5.088915373128943,4.891675835830214,0.19723953729872878
Phase scalar GP,20,20280818,keyed,circular_placebo,13.963711474253792,4.891675835830214,9.072035638423579
TP-GMM additive,20,20280818,keyed,circular_honest,4.946809874815864,3.692409605417412,1.2544002693984524
TP-GMM additive,20,20280818,keyed,circular_placebo,12.691295422076125,3.692409605417412,8.998885816658714
TP-GMM SE(2),20,20280818,keyed,circular_honest,5.124306665892138,3.266360510293657,1.8579461555984809
TP-GMM SE(2),20,20280818,keyed,circular_placebo,13.02848347925997,3.266360510293657,9.762122968966313
Generic RBF,20,20280818,keyed,circular_honest,4.509568672833626,3.955970792599896,0.5535978802337298
Generic RBF,20,20280818,keyed,circular_placebo,13.011574365379365,3.955970792599896,9.05560357277947
Full operator,20,20280818,keyed,circular_honest,4.48321275183815,1.8342767460458633,2.6489360057922866
Full operator,20,20280818,keyed,circular_placebo,12.994557693541715,1.8342767460458633,11.160280947495853
Pdiag pointwise,20,20280818,keyed,circular_honest,4.161447724080551,1.9419041011210507,2.2195436229595003
Pdiag pointwise,20,20280818,keyed,circular_placebo,12.894449871716171,1.9419041011210507,10.95254577059512
Pdiag finite,20,20280818,keyed,circular_honest,4.398704626714249,1.9526376268280603,2.4460669998861886
Pdiag finite,20,20280818,keyed,circular_placebo,12.92541050603081,1.9526376268280603,10.972772879202749
Frame-weighted,5,20260818,circular_honest,keyed,5.715399762526253,5.074976619199777,0.6404231433264762
Frame-weighted,5,20260818,circular_honest,circular_placebo,14.425561717562644,5.074976619199777,9.350585098362867
Phase scalar GP,5,20260818,circular_honest,keyed,5.71564871242953,5.074974147912693,0.6406745645168375
Phase scalar GP,5,20260818,circular_honest,circular_placebo,14.425549269648224,5.074974147912693,9.350575121735531
TP-GMM additive,5,20260818,circular_honest,keyed,7.382123991743335,5.56972347811371,1.8124005136296244
TP-GMM additive,5,20260818,circular_honest,circular_placebo,10.714020116102143,5.56972347811371,5.1442966379884325
TP-GMM SE(2),5,20260818,circular_honest,keyed,8.033658241794557,5.1319589991042065,2.9016992426903503
TP-GMM SE(2),5,20260818,circular_honest,circular_placebo,10.21719751816538,5.1319589991042065,5.085238519061173
Generic RBF,5,20260818,circular_honest,keyed,16.845307350226257,8.135675749139109,8.709631601087148
Generic RBF,5,20260818,circular_honest,circular_placebo,23.141756379219547,8.135675749139109,15.006080630080438
Full operator,5,20260818,circular_honest,keyed,5.187927018871252,3.433094905718638,1.7548321131526143
Full operator,5,20260818,circular_honest,circular_placebo,11.487268989443002,3.433094905718638,8.054174083724364
Pdiag pointwise,5,20260818,circular_honest,keyed,4.637396104523398,2.391871281895833,2.245524822627565
Pdiag pointwise,5,20260818,circular_honest,circular_placebo,11.100875090585303,2.391871281895833,8.70900380868947
Pdiag finite,5,20260818,circular_honest,keyed,4.888813147170324,2.4970710859289986,2.391742061241325
Pdiag finite,5,20260818,circular_honest,circular_placebo,11.495886049726366,2.4970710859289986,8.998814963797367
Frame-weighted,10,20260818,circular_honest,keyed,5.874462798206633,5.102666001969131,0.7717967962375019
Frame-weighted,10,20260818,circular_honest,circular_placebo,14.534950506194592,5.102666001969131,9.43228450422546
Phase scalar GP,10,20260818,circular_honest,keyed,5.874502325306494,5.102748788048903,0.7717535372575917
Phase scalar GP,10,20260818,circular_honest,circular_placebo,14.534948942375609,5.102748788048903,9.432200154326706
TP-GMM additive,10,20260818,circular_honest,keyed,6.3521199895746925,4.558650866733733,1.7934691228409596
TP-GMM additive,10,20260818,circular_honest,circular_placebo,9.500151370453633,4.558650866733733,4.9415005037199
TP-GMM SE(2),10,20260818,circular_honest,keyed,6.113359497001304,4.2742465303901795,1.8391129666111246
TP-GMM SE(2),10,20260818,circular_honest,circular_placebo,9.207190993165485,4.2742465303901795,4.932944462775305
Generic RBF,10,20260818,circular_honest,keyed,14.203930083650091,6.041214412592807,8.162715671057285
Generic RBF,10,20260818,circular_honest,circular_placebo,20.533684991672324,6.041214412592807,14.492470579079516
Full operator,10,20260818,circular_honest,keyed,4.6414813792071525,2.3122214151933327,2.32925996401382
Full operator,10,20260818,circular_honest,circular_placebo,11.295881102740381,2.3122214151933327,8.983659687547048
Pdiag pointwise,10,20260818,circular_honest,keyed,4.313258189522901,2.1503299934602103,2.1629281960626905
Pdiag pointwise,10,20260818,circular_honest,circular_placebo,11.067769532847224,2.1503299934602103,8.917439539387015
Pdiag finite,10,20260818,circular_honest,keyed,4.394501268103421,2.2141354779600992,2.180365790143322
Pdiag finite,10,20260818,circular_honest,circular_placebo,11.275611080475558,2.2141354779600992,9.06147560251546
Frame-weighted,20,20260818,circular_honest,keyed,5.669601565256348,4.896273133727286,0.7733284315290616
Frame-weighted,20,20260818,circular_honest,circular_placebo,14.243814835134097,4.896273133727286,9.347541701406811
Phase scalar GP,20,20260818,circular_honest,keyed,5.6696621877164235,4.896405197264542,0.7732569904518813
Phase scalar GP,20,20260818,circular_honest,circular_placebo,14.243872003670381,4.896405197264542,9.347466806405839
TP-GMM additive,20,20260818,circular_honest,keyed,6.505315507644855,3.4200293386164202,3.085286169028435
TP-GMM additive,20,20260818,circular_honest,circular_placebo,9.185843214421999,3.4200293386164202,5.765813875805579
TP-GMM SE(2),20,20260818,circular_honest,keyed,6.088618433986525,3.0946160453586153,2.99400238862791
TP-GMM SE(2),20,20260818,circular_honest,circular_placebo,9.231979051210077,3.0946160453586153,6.137363005851462
Generic RBF,20,20260818,circular_honest,keyed,8.455999467423874,3.521974421752317,4.934025045671557
Generic RBF,20,20260818,circular_honest,circular_placebo,14.991671024380482,3.521974421752317,11.469696602628165
Full operator,20,20260818,circular_honest,keyed,4.3010757379589,1.8857199739332562,2.415355764025644
Full operator,20,20260818,circular_honest,circular_placebo,10.94146663933263,1.8857199739332562,9.055746665399374
Pdiag pointwise,20,20260818,circular_honest,keyed,4.221693261798463,1.964209823136609,2.257483438661854
Pdiag pointwise,20,20260818,circular_honest,circular_placebo,10.887594567772291,1.964209823136609,8.923384744635683
Pdiag finite,20,20260818,circular_honest,keyed,4.171701724930154,1.9503587696764504,2.2213429552537036
Pdiag finite,20,20260818,circular_honest,circular_placebo,10.962897800245356,1.9503587696764504,9.012539030568906
Frame-weighted,5,20270818,circular_honest,keyed,6.255595907860076,5.141787466569189,1.1138084412908862
Frame-weighted,5,20270818,circular_honest,circular_placebo,13.884735204181515,5.141787466569189,8.742947737612326
Phase scalar GP,5,20270818,circular_honest,keyed,6.255831763489915,5.141654449244421,1.1141773142454943
Phase scalar GP,5,20270818,circular_honest,circular_placebo,13.884676490704186,5.141654449244421,8.743022041459763
TP-GMM additive,5,20270818,circular_honest,keyed,7.646530350441627,5.790138695212429,1.8563916552291984
TP-GMM additive,5,20270818,circular_honest,circular_placebo,10.29010449478451,5.790138695212429,4.499965799572081
TP-GMM SE(2),5,20270818,circular_honest,keyed,7.4908113960890494,5.448146184893569,2.04266521119548
TP-GMM SE(2),5,20270818,circular_honest,circular_placebo,9.769330867294348,5.448146184893569,4.321184682400779
Generic RBF,5,20270818,circular_honest,keyed,11.905344959501933,5.918149239606568,5.987195719895365
Generic RBF,5,20270818,circular_honest,circular_placebo,17.69634897550435,5.918149239606568,11.778199735897783
Full operator,5,20270818,circular_honest,keyed,7.0277152826851905,3.8254532772177297,3.202262005467461
Full operator,5,20270818,circular_honest,circular_placebo,11.76767620343154,3.8254532772177297,7.942222926213811
Pdiag pointwise,5,20270818,circular_honest,keyed,4.80702163946072,2.1824541014294385,2.624567538031281
Pdiag pointwise,5,20270818,circular_honest,circular_placebo,10.551285721563934,2.1824541014294385,8.368831620134495
Pdiag finite,5,20270818,circular_honest,keyed,4.918220550300552,2.5422114126152584,2.376009137685293
Pdiag finite,5,20270818,circular_honest,circular_placebo,11.081596906424144,2.5422114126152584,8.539385493808886
Frame-weighted,10,20270818,circular_honest,keyed,6.25072606880576,5.053751934965614,1.196974133840146
Frame-weighted,10,20270818,circular_honest,circular_placebo,13.92122655862093,5.053751934965614,8.867474623655315
Phase scalar GP,10,20270818,circular_honest,keyed,6.250763943183845,5.053856647725169,1.1969072954586757
Phase scalar GP,10,20270818,circular_honest,circular_placebo,13.921213620507771,5.053856647725169,8.867356972782602
TP-GMM additive,10,20270818,circular_honest,keyed,6.6614768025486955,4.547280189146926,2.114196613401769
TP-GMM additive,10,20270818,circular_honest,circular_placebo,8.65137657153225,4.547280189146926,4.104096382385324
TP-GMM SE(2),10,20270818,circular_honest,keyed,6.741997120803755,4.3475845696567825,2.3944125511469725
TP-GMM SE(2),10,20270818,circular_honest,circular_placebo,8.570145338733552,4.3475845696567825,4.222560769076769
Generic RBF,10,20270818,circular_honest,keyed,8.904706189417972,3.745005192735513,5.159700996682459
Generic RBF,10,20270818,circular_honest,circular_placebo,14.98578010728562,3.745005192735513,11.240774914550109
Full operator,10,20270818,circular_honest,keyed,4.810491940511898,2.0976706238492806,2.712821316662618
Full operator,10,20270818,circular_honest,circular_placebo,10.62248196078002,2.0976706238492806,8.524811336930739
Pdiag pointwise,10,20270818,circular_honest,keyed,4.62720190799104,1.9935910849635026,2.6336108230275377
Pdiag pointwise,10,20270818,circular_honest,circular_placebo,10.446196317135465,1.9935910849635026,8.452605232171962
Pdiag finite,10,20270818,circular_honest,keyed,4.569832690917846,2.117228573453703,2.4526041174641433
Pdiag finite,10,20270818,circular_honest,circular_placebo,10.67422431013682,2.117228573453703,8.556995736683117
Frame-weighted,20,20270818,circular_honest,keyed,6.085410240350174,4.855944301960801,1.2294659383893727
Frame-weighted,20,20270818,circular_honest,circular_placebo,13.898405108419157,4.855944301960801,9.042460806458354
Phase scalar GP,20,20270818,circular_honest,keyed,6.085483200033063,4.856038064994422,1.2294451350386408
Phase scalar GP,20,20270818,circular_honest,circular_placebo,13.898393263385438,4.856038064994422,9.042355198391016
TP-GMM additive,20,20270818,circular_honest,keyed,6.237072560176436,3.690371143706049,2.546701416470387
TP-GMM additive,20,20270818,circular_honest,circular_placebo,8.880638913269971,3.690371143706049,5.190267769563922
TP-GMM SE(2),20,20270818,circular_honest,keyed,6.033323812688162,3.145075542735137,2.888248269953025
TP-GMM SE(2),20,20270818,circular_honest,circular_placebo,8.971497996867614,3.145075542735137,5.8264224541324765
Generic RBF,20,20270818,circular_honest,keyed,5.429184640868162,2.1762215812862937,3.2529630595818686
Generic RBF,20,20270818,circular_honest,circular_placebo,11.595842797653495,2.1762215812862937,9.4196212163672
Full operator,20,20270818,circular_honest,keyed,4.440668633639466,1.7510466706141112,2.6896219630253544
Full operator,20,20270818,circular_honest,circular_placebo,10.529065715365478,1.7510466706141112,8.778019044751368
Pdiag pointwise,20,20270818,circular_honest,keyed,4.511833112006033,1.8947589462182133,2.6170741657878196
Pdiag pointwise,20,20270818,circular_honest,circular_placebo,10.515517036791357,1.8947589462182133,8.620758090573144
Pdiag finite,20,20270818,circular_honest,keyed,4.377770901953851,1.8681346223996007,2.5096362795542504
Pdiag finite,20,20270818,circular_honest,circular_placebo,10.588480891268018,1.8681346223996007,8.720346268868418
Frame-weighted,5,20280818,circular_honest,keyed,6.026737978299903,5.2759552471011455,0.7507827311987576
Frame-weighted,5,20280818,circular_honest,circular_placebo,14.248868289490256,5.2759552471011455,8.97291304238911
Phase scalar GP,5,20280818,circular_honest,keyed,6.02677731813601,5.275996572918843,0.7507807452171669
Phase scalar GP,5,20280818,circular_honest,circular_placebo,14.248819856926234,5.275996572918843,8.97282328400739
TP-GMM additive,5,20280818,circular_honest,keyed,7.379235048097894,5.4836133558923486,1.8956216922055455
TP-GMM additive,5,20280818,circular_honest,circular_placebo,9.966622398012175,5.4836133558923486,4.483009042119827
TP-GMM SE(2),5,20280818,circular_honest,keyed,8.812996130714684,5.594837601350649,3.2181585293640342
TP-GMM SE(2),5,20280818,circular_honest,circular_placebo,11.102044663874574,5.594837601350649,5.507207062523925
Generic RBF,5,20280818,circular_honest,keyed,18.84713600392421,9.23395985441551,9.6131761495087
Generic RBF,5,20280818,circular_honest,circular_placebo,25.029621220743852,9.23395985441551,15.795661366328343
Full operator,5,20280818,circular_honest,keyed,6.741984278749761,4.439246922677712,2.3027373560720488
Full operator,5,20280818,circular_honest,circular_placebo,12.227821151087058,4.439246922677712,7.788574228409346
Pdiag pointwise,5,20280818,circular_honest,keyed,4.742697493839562,2.3772137639616546,2.3654837298779072
Pdiag pointwise,5,20280818,circular_honest,circular_placebo,10.909107305182971,2.3772137639616546,8.531893541221317
Pdiag finite,5,20280818,circular_honest,keyed,4.829386844908805,2.668521930707558,2.160864914201247
Pdiag finite,5,20280818,circular_honest,circular_placebo,11.363854984612564,2.668521930707558,8.695333053905006
Frame-weighted,10,20280818,circular_honest,keyed,6.08348529966531,5.205089023366244,0.8783962762990658
Frame-weighted,10,20280818,circular_honest,circular_placebo,14.21234583975405,5.205089023366244,9.007256816387805
Phase scalar GP,10,20280818,circular_honest,keyed,6.083514140468986,5.205077891171544,0.878436249297442
Phase scalar GP,10,20280818,circular_honest,circular_placebo,14.212481787539792,5.205077891171544,9.007403896368249
TP-GMM additive,10,20280818,circular_honest,keyed,7.202537141955035,5.087848336011381,2.114688805943654
TP-GMM additive,10,20280818,circular_honest,circular_placebo,9.456237868299498,5.087848336011381,4.368389532288117
TP-GMM SE(2),10,20280818,circular_honest,keyed,6.895969727162208,4.207926690323504,2.688043036838704
TP-GMM SE(2),10,20280818,circular_honest,circular_placebo,9.389838217409691,4.207926690323504,5.1819115270861875
Generic RBF,10,20280818,circular_honest,keyed,12.03365710344638,5.187941692872498,6.845715410573882
Generic RBF,10,20280818,circular_honest,circular_placebo,18.386194797628097,5.187941692872498,13.198253104755597
Full operator,10,20280818,circular_honest,keyed,4.916869440901362,2.4733606216108104,2.4435088192905514
Full operator,10,20280818,circular_honest,circular_placebo,11.176723204360998,2.4733606216108104,8.703362582750188
Pdiag pointwise,10,20280818,circular_honest,keyed,4.44870197755703,2.1590903827141408,2.289611594842889
Pdiag pointwise,10,20280818,circular_honest,circular_placebo,10.645184614832429,2.1590903827141408,8.486094232118289
Pdiag finite,10,20280818,circular_honest,keyed,4.55825258428607,2.298797168241562,2.2594554160445077
Pdiag finite,10,20280818,circular_honest,circular_placebo,10.953625049751013,2.298797168241562,8.654827881509451
Frame-weighted,20,20280818,circular_honest,keyed,5.787461466912137,4.891607324766944,0.8958541421451933
Frame-weighted,20,20280818,circular_honest,circular_placebo,14.13579183455692,4.891607324766944,9.244184509789978
Phase scalar GP,20,20280818,circular_honest,keyed,5.787516578534372,4.891675835830214,0.8958407427041575
Phase scalar GP,20,20280818,circular_honest,circular_placebo,14.135868647627362,4.891675835830214,9.244192811797149
TP-GMM additive,20,20280818,circular_honest,keyed,7.044178362288426,3.692409605417412,3.3517687568710146
TP-GMM additive,20,20280818,circular_honest,circular_placebo,8.656513823566703,3.692409605417412,4.964104218149291
TP-GMM SE(2),20,20280818,circular_honest,keyed,6.125672103710875,3.266360510293657,2.8593115934172184
TP-GMM SE(2),20,20280818,circular_honest,circular_placebo,9.154121288725388,3.266360510293657,5.887760778431732
Generic RBF,20,20280818,circular_honest,keyed,9.730939189786957,3.955970792599896,5.774968397187061
Generic RBF,20,20280818,circular_honest,circular_placebo,16.48824654835689,3.955970792599896,12.532275755756995
Full operator,20,20280818,circular_honest,keyed,4.343327199103842,1.8342767460458633,2.509050453057979
Full operator,20,20280818,circular_honest,circular_placebo,10.83193400816881,1.8342767460458633,8.997657262122946
Pdiag pointwise,20,20280818,circular_honest,keyed,4.297477831879705,1.9419041011210507,2.3555737307586546
Pdiag pointwise,20,20280818,circular_honest,circular_placebo,10.764254283937639,1.9419041011210507,8.822350182816589
Pdiag finite,20,20280818,circular_honest,keyed,4.284876715746672,1.9526376268280603,2.332239088918612
Pdiag finite,20,20280818,circular_honest,circular_placebo,10.878291176918315,1.9526376268280603,8.925653550090255
Frame-weighted,5,20260818,circular_placebo,keyed,13.394147686375975,5.074976619199777,8.319171067176198
Frame-weighted,5,20260818,circular_placebo,circular_honest,13.433463275994564,5.074976619199777,8.358486656794787
Phase scalar GP,5,20260818,circular_placebo,keyed,13.394089744629158,5.074974147912693,8.319115596716465
Phase scalar GP,5,20260818,circular_placebo,circular_honest,13.433237501608993,5.074974147912693,8.3582633536963
TP-GMM additive,5,20260818,circular_placebo,keyed,14.341743595036732,5.56972347811371,8.772020116923022
TP-GMM additive,5,20260818,circular_placebo,circular_honest,12.5310093452344,5.56972347811371,6.96128586712069
TP-GMM SE(2),5,20260818,circular_placebo,keyed,13.757529333579908,5.1319589991042065,8.625570334475702
TP-GMM SE(2),5,20260818,circular_placebo,circular_honest,11.88176054364092,5.1319589991042065,6.749801544536714
Generic RBF,5,20260818,circular_placebo,keyed,12.674376513433018,8.135675749139109,4.538700764293909
Generic RBF,5,20260818,circular_placebo,circular_honest,10.73322691675679,8.135675749139109,2.597551167617681
Full operator,5,20260818,circular_placebo,keyed,12.612343760434731,3.433094905718638,9.179248854716093
Full operator,5,20260818,circular_placebo,circular_honest,10.667953355572784,3.433094905718638,7.234858449854146
Pdiag pointwise,5,20260818,circular_placebo,keyed,12.15749096874562,2.391871281895833,9.765619686849787
Pdiag pointwise,5,20260818,circular_placebo,circular_honest,10.206636163555126,2.391871281895833,7.814764881659293
Pdiag finite,5,20260818,circular_placebo,keyed,12.373611520440823,2.4970710859289986,9.876540434511824
Pdiag finite,5,20260818,circular_placebo,circular_honest,10.46979168616771,2.4970710859289986,7.972720600238711
Frame-weighted,10,20260818,circular_placebo,keyed,13.70131369235076,5.102666001969131,8.598647690381629
Frame-weighted,10,20260818,circular_placebo,circular_honest,13.638333150547425,5.102666001969131,8.535667148578295
Phase scalar GP,10,20260818,circular_placebo,keyed,13.701244429446392,5.102748788048903,8.59849564139749
Phase scalar GP,10,20260818,circular_placebo,circular_honest,13.638219722836702,5.102748788048903,8.5354709347878
TP-GMM additive,10,20260818,circular_placebo,keyed,14.092250759646461,4.558650866733733,9.53359989291273
TP-GMM additive,10,20260818,circular_placebo,circular_honest,12.234540145308083,4.558650866733733,7.67588927857435
TP-GMM SE(2),10,20260818,circular_placebo,keyed,13.628837403767996,4.2742465303901795,9.354590873377816
TP-GMM SE(2),10,20260818,circular_placebo,circular_honest,11.701914654464622,4.2742465303901795,7.427668124074442
Generic RBF,10,20260818,circular_placebo,keyed,12.85762911181486,6.041214412592807,6.816414699222054
Generic RBF,10,20260818,circular_placebo,circular_honest,10.942606192891922,6.041214412592807,4.901391780299115
Full operator,10,20260818,circular_placebo,keyed,12.37584329166362,2.3122214151933327,10.063621876470286
Full operator,10,20260818,circular_placebo,circular_honest,10.415590455246534,2.3122214151933327,8.1033690400532
Pdiag pointwise,10,20260818,circular_placebo,keyed,12.223588876587854,2.1503299934602103,10.073258883127643
Pdiag pointwise,10,20260818,circular_placebo,circular_honest,10.2569001150349,2.1503299934602103,8.106570121574691
Pdiag finite,10,20260818,circular_placebo,keyed,12.233422663497493,2.2141354779600992,10.019287185537394
Pdiag finite,10,20260818,circular_placebo,circular_honest,10.363026854773699,2.2141354779600992,8.1488913768136
Frame-weighted,20,20260818,circular_placebo,keyed,13.473922021045803,4.896273133727286,8.577648887318517
Frame-weighted,20,20260818,circular_placebo,circular_honest,13.416079769229476,4.896273133727286,8.51980663550219
Phase scalar GP,20,20260818,circular_placebo,keyed,13.473824315558199,4.896405197264542,8.577419118293657
Phase scalar GP,20,20260818,circular_placebo,circular_honest,13.41599843169786,4.896405197264542,8.519593234433318
TP-GMM additive,20,20260818,circular_placebo,keyed,13.519084244409,3.4200293386164202,10.09905490579258
TP-GMM additive,20,20260818,circular_placebo,circular_honest,11.601480890877179,3.4200293386164202,8.181451552260759
TP-GMM SE(2),20,20260818,circular_placebo,keyed,13.234206624569799,3.0946160453586153,10.139590579211184
TP-GMM SE(2),20,20260818,circular_placebo,circular_honest,11.305492849757307,3.0946160453586153,8.210876804398692
Generic RBF,20,20260818,circular_placebo,keyed,12.15845190210893,3.521974421752317,8.636477480356612
Generic RBF,20,20260818,circular_placebo,circular_honest,10.19550945889979,3.521974421752317,6.673535037147474
Full operator,20,20260818,circular_placebo,keyed,12.121212662514958,1.8857199739332562,10.235492688581703
Full operator,20,20260818,circular_placebo,circular_honest,10.157831486150217,1.8857199739332562,8.272111512216961
Pdiag pointwise,20,20260818,circular_placebo,keyed,12.080654946006094,1.964209823136609,10.116445122869486
Pdiag pointwise,20,20260818,circular_placebo,circular_honest,10.140256716369715,1.964209823136609,8.176046893233107
Pdiag finite,20,20260818,circular_placebo,keyed,12.086424798321323,1.9503587696764504,10.136066028644873
Pdiag finite,20,20260818,circular_placebo,circular_honest,10.224970310490448,1.9503587696764504,8.274611540813998
Frame-weighted,5,20270818,circular_placebo,keyed,13.803729079362446,5.141787466569189,8.661941612793257
Frame-weighted,5,20270818,circular_placebo,circular_honest,13.696593059866322,5.141787466569189,8.554805593297132
Phase scalar GP,5,20270818,circular_placebo,keyed,13.8037026291005,5.141654449244421,8.662048179856079
Phase scalar GP,5,20270818,circular_placebo,circular_honest,13.696567762825959,5.141654449244421,8.554913313581537
TP-GMM additive,5,20270818,circular_placebo,keyed,14.737574799014112,5.790138695212429,8.947436103801683
TP-GMM additive,5,20270818,circular_placebo,circular_honest,12.74971917855735,5.790138695212429,6.95958048334492
TP-GMM SE(2),5,20270818,circular_placebo,keyed,15.401745528869926,5.448146184893569,9.953599343976357
TP-GMM SE(2),5,20270818,circular_placebo,circular_honest,13.369126163690028,5.448146184893569,7.920979978796459
Generic RBF,5,20270818,circular_placebo,keyed,12.924235523263391,5.918149239606568,7.006086283656823
Generic RBF,5,20270818,circular_placebo,circular_honest,10.881981056840155,5.918149239606568,4.963831817233587
Full operator,5,20270818,circular_placebo,keyed,12.901662092637594,3.8254532772177297,9.076208815419864
Full operator,5,20270818,circular_placebo,circular_honest,10.876017529264026,3.8254532772177297,7.050564252046296
Pdiag pointwise,5,20270818,circular_placebo,keyed,12.419238474938636,2.1824541014294385,10.236784373509197
Pdiag pointwise,5,20270818,circular_placebo,circular_honest,10.318903869861211,2.1824541014294385,8.136449768431772
Pdiag finite,5,20270818,circular_placebo,keyed,12.743153017334363,2.5422114126152584,10.200941604719105
Pdiag finite,5,20270818,circular_placebo,circular_honest,10.724332113255093,2.5422114126152584,8.182120700639835
Frame-weighted,10,20270818,circular_placebo,keyed,13.951072585095618,5.053751934965614,8.897320650130004
Frame-weighted,10,20270818,circular_placebo,circular_honest,13.749639042373905,5.053751934965614,8.695887107408291
Phase scalar GP,10,20270818,circular_placebo,keyed,13.951053578667716,5.053856647725169,8.897196930942547
Phase scalar GP,10,20270818,circular_placebo,circular_honest,13.74958877411639,5.053856647725169,8.69573212639122
TP-GMM additive,10,20270818,circular_placebo,keyed,14.939434332898252,4.547280189146926,10.392154143751325
TP-GMM additive,10,20270818,circular_placebo,circular_honest,12.917170697900673,4.547280189146926,8.369890508753747
TP-GMM SE(2),10,20270818,circular_placebo,keyed,14.822937945444815,4.3475845696567825,10.475353375788032
TP-GMM SE(2),10,20270818,circular_placebo,circular_honest,12.783090352060652,4.3475845696567825,8.435505782403869
Generic RBF,10,20270818,circular_placebo,keyed,12.342074679101069,3.745005192735513,8.597069486365555
Generic RBF,10,20270818,circular_placebo,circular_honest,10.262285822744248,3.745005192735513,6.517280630008735
Full operator,10,20270818,circular_placebo,keyed,12.342917975040976,2.0976706238492806,10.245247351191695
Full operator,10,20270818,circular_placebo,circular_honest,10.259646928254005,2.0976706238492806,8.161976304404725
Pdiag pointwise,10,20270818,circular_placebo,keyed,12.38839110962956,1.9935910849635026,10.394800024666056
Pdiag pointwise,10,20270818,circular_placebo,circular_honest,10.28527763063897,1.9935910849635026,8.291686545675466
Pdiag finite,10,20270818,circular_placebo,keyed,12.483145775586898,2.117228573453703,10.365917202133195
Pdiag finite,10,20270818,circular_placebo,circular_honest,10.462951028200013,2.117228573453703,8.34572245474631
Frame-weighted,20,20270818,circular_placebo,keyed,13.811703623545476,4.855944301960801,8.955759321584676
Frame-weighted,20,20270818,circular_placebo,circular_honest,13.572180441445731,4.855944301960801,8.71623613948493
Phase scalar GP,20,20270818,circular_placebo,keyed,13.811638125922984,4.856038064994422,8.955600060928562
Phase scalar GP,20,20270818,circular_placebo,circular_honest,13.57219546121007,4.856038064994422,8.716157396215648
TP-GMM additive,20,20270818,circular_placebo,keyed,15.103251151590237,3.690371143706049,11.412880007884189
TP-GMM additive,20,20270818,circular_placebo,circular_honest,13.032755453870768,3.690371143706049,9.34238431016472
TP-GMM SE(2),20,20270818,circular_placebo,keyed,13.94442520823972,3.145075542735137,10.799349665504582
TP-GMM SE(2),20,20270818,circular_placebo,circular_honest,11.848030804878066,3.145075542735137,8.702955262142929
Generic RBF,20,20270818,circular_placebo,keyed,12.3727712244839,2.1762215812862937,10.196549643197606
Generic RBF,20,20270818,circular_placebo,circular_honest,10.293028810862413,2.1762215812862937,8.11680722957612
Full operator,20,20270818,circular_placebo,keyed,12.368617055872727,1.7510466706141112,10.617570385258617
Full operator,20,20270818,circular_placebo,circular_honest,10.28232775703878,1.7510466706141112,8.53128108642467
Pdiag pointwise,20,20270818,circular_placebo,keyed,12.34188099478967,1.8947589462182133,10.447122048571458
Pdiag pointwise,20,20270818,circular_placebo,circular_honest,10.24748745702176,1.8947589462182133,8.352728510803548
Pdiag finite,20,20270818,circular_placebo,keyed,12.354480441882268,1.8681346223996007,10.486345819482668
Pdiag finite,20,20270818,circular_placebo,circular_honest,10.332078610756847,1.8681346223996007,8.463943988357247
Frame-weighted,5,20280818,circular_placebo,keyed,13.897437054732501,5.2759552471011455,8.621481807631355
Frame-weighted,5,20280818,circular_placebo,circular_honest,14.22955089596521,5.2759552471011455,8.953595648864063
Phase scalar GP,5,20280818,circular_placebo,keyed,13.89808879509848,5.275996572918843,8.622092222179639
Phase scalar GP,5,20280818,circular_placebo,circular_honest,14.229948066163294,5.275996572918843,8.95395149324445
TP-GMM additive,5,20280818,circular_placebo,keyed,14.561395065662817,5.4836133558923486,9.077781709770468
TP-GMM additive,5,20280818,circular_placebo,circular_honest,13.023376395840737,5.4836133558923486,7.539763039948388
TP-GMM SE(2),5,20280818,circular_placebo,keyed,14.385627615549815,5.594837601350649,8.790790014199166
TP-GMM SE(2),5,20280818,circular_placebo,circular_honest,12.760452404378322,5.594837601350649,7.1656148030276725
Generic RBF,5,20280818,circular_placebo,keyed,13.413368839235487,9.23395985441551,4.179408984819977
Generic RBF,5,20280818,circular_placebo,circular_honest,11.852018401183129,9.23395985441551,2.618058546767619
Full operator,5,20280818,circular_placebo,keyed,13.331968745025131,4.439246922677712,8.892721822347418
Full operator,5,20280818,circular_placebo,circular_honest,11.771977958639667,4.439246922677712,7.332731035961955
Pdiag pointwise,5,20280818,circular_placebo,keyed,12.459189752798709,2.3772137639616546,10.081975988837055
Pdiag pointwise,5,20280818,circular_placebo,circular_honest,10.771198141856821,2.3772137639616546,8.393984377895167
Pdiag finite,5,20280818,circular_placebo,keyed,12.745624759874703,2.668521930707558,10.077102829167146
Pdiag finite,5,20280818,circular_placebo,circular_honest,11.091731544830049,2.668521930707558,8.423209614122491
Frame-weighted,10,20280818,circular_placebo,keyed,13.921196968571325,5.205089023366244,8.716107945205081
Frame-weighted,10,20280818,circular_placebo,circular_honest,14.17661055755301,5.205089023366244,8.971521534186767
Phase scalar GP,10,20280818,circular_placebo,keyed,13.92118801683417,5.205077891171544,8.716110125662627
Phase scalar GP,10,20280818,circular_placebo,circular_honest,14.176620554779817,5.205077891171544,8.971542663608272
TP-GMM additive,10,20280818,circular_placebo,keyed,14.330116077399774,5.087848336011381,9.242267741388392
TP-GMM additive,10,20280818,circular_placebo,circular_honest,12.79479512077191,5.087848336011381,7.70694678476053
TP-GMM SE(2),10,20280818,circular_placebo,keyed,14.23438979126802,4.207926690323504,10.026463100944516
TP-GMM SE(2),10,20280818,circular_placebo,circular_honest,12.643234449248979,4.207926690323504,8.435307758925475
Generic RBF,10,20280818,circular_placebo,keyed,12.566896833055035,5.187941692872498,7.378955140182536
Generic RBF,10,20280818,circular_placebo,circular_honest,10.93258418256215,5.187941692872498,5.744642489689652
Full operator,10,20280818,circular_placebo,keyed,12.553405981103703,2.4733606216108104,10.080045359492892
Full operator,10,20280818,circular_placebo,circular_honest,10.921972307806081,2.4733606216108104,8.448611686195271
Pdiag pointwise,10,20280818,circular_placebo,keyed,12.298323970860844,2.1590903827141408,10.139233588146704
Pdiag pointwise,10,20280818,circular_placebo,circular_honest,10.6258391506851,2.1590903827141408,8.46674876797096
Pdiag finite,10,20280818,circular_placebo,keyed,12.415674313712222,2.298797168241562,10.11687714547066
Pdiag finite,10,20280818,circular_placebo,circular_honest,10.795910121240064,2.298797168241562,8.497112952998503
Frame-weighted,20,20280818,circular_placebo,keyed,13.646741533368278,4.891607324766944,8.755134208601334
Frame-weighted,20,20280818,circular_placebo,circular_honest,13.866413119304148,4.891607324766944,8.974805794537204
Phase scalar GP,20,20280818,circular_placebo,keyed,13.64669446635468,4.891675835830214,8.755018630524464
Phase scalar GP,20,20280818,circular_placebo,circular_honest,13.86634929404201,4.891675835830214,8.974673458211797
TP-GMM additive,20,20280818,circular_placebo,keyed,13.935108659098574,3.692409605417412,10.242699053681163
TP-GMM additive,20,20280818,circular_placebo,circular_honest,12.30542289015004,3.692409605417412,8.613013284732629
TP-GMM SE(2),20,20280818,circular_placebo,keyed,13.705692208045926,3.266360510293657,10.43933169775227
TP-GMM SE(2),20,20280818,circular_placebo,circular_honest,12.074877759381272,3.266360510293657,8.808517249087615
Generic RBF,20,20280818,circular_placebo,keyed,12.238447805745496,3.955970792599896,8.2824770131456
Generic RBF,20,20280818,circular_placebo,circular_honest,10.596262647865284,3.955970792599896,6.640291855265389
Full operator,20,20280818,circular_placebo,keyed,12.233772755538553,1.8342767460458633,10.39949600949269
Full operator,20,20280818,circular_placebo,circular_honest,10.591033391363634,1.8342767460458633,8.756756645317772
Pdiag pointwise,20,20280818,circular_placebo,keyed,12.194752956590717,1.9419041011210507,10.252848855469667
Pdiag pointwise,20,20280818,circular_placebo,circular_honest,10.52361372242131,1.9419041011210507,8.58170962130026
Pdiag finite,20,20280818,circular_placebo,keyed,12.211515671987684,1.9526376268280603,10.258878045159623
Pdiag finite,20,20280818,circular_placebo,circular_honest,10.596745946302915,1.9526376268280603,8.644108319474855
